{"type": "FeatureCollection", "features": [{"type": "Feature", "geometry": {"type": "LineString", "coordinates": [[4.459397, 51.914963], [4.459572, 51.914589], [4.459784, 51.914523], [4.463738, 51.91508], [4.464917, 51.915084], [4.469379, 51.914263], [4.469971, 51.913988], [4.473482, 51.914665], [4.47401, 51.914899], [4.474975, 51.915012], [4.475412, 51.915228], [4.476587, 51.915518], [4.477958, 51.913834], [4.47849, 51.913959], [4.479345, 51.913451], [4.479783, 51.913625], [4.480434, 51.913593], [4.48062, 51.913835], [4.481725, 51.913877], [4.481757, 51.912444], [4.482393, 51.910979], [4.482716, 51.910598], [4.489241, 51.907994], [4.48995, 51.907486], [4.492155, 51.908545], [4.492862, 51.908643], [4.493547, 51.908478], [4.496454, 51.91094], [4.498314, 51.911992], [4.498368, 51.912272], [4.497143, 51.913152], [4.497479, 51.913529], [4.498972, 51.914366], [4.499187, 51.91474], [4.498084, 51.915612], [4.497692, 51.915787], [4.494532, 51.918388], [4.494171, 51.918488], [4.493749, 51.918439], [4.492521, 51.917956], [4.491359, 51.917222], [4.489787, 51.918293], [4.487997, 51.917899], [4.488246, 51.917033], [4.488547, 51.916687], [4.486669, 51.91551], [4.486339, 51.915545], [4.485795, 51.915996], [4.485747, 51.916383], [4.485125, 51.917178], [4.484961, 51.91774], [4.484287, 51.918365], [4.483549, 51.920103], [4.48275, 51.921433], [4.481403, 51.923107], [4.479897, 51.924451], [4.47959, 51.924577], [4.478818, 51.924438], [4.478506, 51.924828], [4.477963, 51.924988], [4.477006, 51.926713], [4.476491, 51.927074], [4.47596, 51.92686], [4.475336, 51.92707], [4.474106, 51.926561], [4.473248, 51.926664], [4.472733, 51.927054], [4.471996, 51.926747], [4.469757, 51.92644], [4.469039, 51.925971], [4.46854, 51.925821], [4.462727, 51.924812], [4.462448, 51.924888], [4.46196, 51.926189], [4.454338, 51.925285], [4.454742, 51.923844], [4.454997, 51.923639], [4.454795, 51.923097], [4.454901, 51.922228], [4.454635, 51.921102], [4.453911, 51.920866], [4.449027, 51.919811], [4.4487, 51.919427], [4.447943, 51.919216], [4.448195, 51.918327], [4.447747, 51.91647], [4.446879, 51.916486], [4.44633, 51.916261], [4.445882, 51.916557], [4.444878, 51.916705], [4.443566, 51.916285], [4.443267, 51.915933], [4.444428, 51.914853], [4.44603, 51.912602], [4.446543, 51.912042], [4.447097, 51.911692], [4.448709, 51.909912], [4.449353, 51.909704], [4.449981, 51.909752], [4.450291, 51.909927], [4.450621, 51.909632], [4.451146, 51.909459], [4.45269, 51.909267], [4.453044, 51.909488], [4.455063, 51.909907], [4.454138, 51.911943], [4.454313, 51.912049], [4.454471, 51.913031], [4.454704, 51.913518], [4.456019, 51.91403], [4.455949, 51.914822], [4.456833, 51.914894]]}, "properties": {}}, {"type": "Feature", "geometry": {"type": "LineString", "coordinates": [[4.459386, 51.914973], [4.456861, 51.91504], [4.456559, 51.914885], [4.455949, 51.914797], [4.456141, 51.913939], [4.455961, 51.91369], [4.456126, 51.912916], [4.457465, 51.910151], [4.457788, 51.909994], [4.458087, 51.90958], [4.458195, 51.90961], [4.458048, 51.90936], [4.458496, 51.909199], [4.460758, 51.909721], [4.463036, 51.909269], [4.464742, 51.906808], [4.465098, 51.906616], [4.465563, 51.906075], [4.467338, 51.903255], [4.467891, 51.90295], [4.468671, 51.902905], [4.469424, 51.90266], [4.470554, 51.902949], [4.474396, 51.904315], [4.474463, 51.904606], [4.47482, 51.904845], [4.475208, 51.904981], [4.475808, 51.904929], [4.478787, 51.906313], [4.477802, 51.908239], [4.482375, 51.909827], [4.481482, 51.910597], [4.481799, 51.910898], [4.481806, 51.911176], [4.482136, 51.911602], [4.482519, 51.910815], [4.482911, 51.910504], [4.488998, 51.908087], [4.489985, 51.907465], [4.489616, 51.907558], [4.489235, 51.907521], [4.488093, 51.90681], [4.486063, 51.905982], [4.482883, 51.904284], [4.488814, 51.907362], [4.489557, 51.907661], [4.489947, 51.907569], [4.488243, 51.908383], [4.482858, 51.91046], [4.482506, 51.910735], [4.481705, 51.912446], [4.481709, 51.91621], [4.4814, 51.916354], [4.479877, 51.916313], [4.473531, 51.914681], [4.470039, 51.913954], [4.469148, 51.914331], [4.468621, 51.914133], [4.466076, 51.914641], [4.464918, 51.913936], [4.45653, 51.912501], [4.456677, 51.911856], [4.456995, 51.911882], [4.456752, 51.911845], [4.456661, 51.91194]]}, "properties": {}}, {"type": "Feature", "geometry": {"type": "LineString", "coordinates": [[4.490129, 51.896948], [4.494868, 51.897976], [4.495376, 51.897973], [4.496128, 51.900921], [4.496017, 51.901441], [4.47695, 51.897466], [4.476364, 51.897491], [4.47107, 51.898736], [4.470786, 51.899077], [4.471255, 51.899352], [4.47193, 51.89955], [4.475652, 51.898648], [4.475782, 51.898669], [4.476144, 51.899361], [4.477413, 51.899156], [4.477598, 51.898873], [4.477211, 51.898273], [4.472418, 51.899293], [4.472065, 51.899258], [4.471848, 51.899056], [4.472639, 51.89874], [4.472804, 51.898402], [4.476311, 51.897527], [4.476829, 51.897495], [4.494473, 51.901229], [4.496015, 51.90148], [4.496222, 51.90108], [4.495882, 51.899479], [4.495559, 51.898309], [4.495108, 51.897482], [4.489471, 51.896301], [4.486644, 51.895927], [4.484546, 51.895227], [4.47555, 51.893342], [4.473907, 51.893632], [4.471466, 51.894625], [4.469334, 51.895722], [4.469259, 51.895873], [4.469845, 51.897155], [4.469033, 51.897585], [4.467562, 51.897608], [4.467319, 51.898056], [4.466879, 51.898238], [4.465154, 51.897984], [4.462775, 51.897338], [4.462398, 51.897598], [4.461925, 51.897626], [4.461755, 51.895236], [4.461972, 51.894995], [4.461835, 51.894916], [4.451223, 51.896733], [4.447339, 51.897012], [4.439845, 51.898317], [4.439648, 51.898116], [4.44007, 51.89747], [4.440511, 51.897179], [4.440978, 51.897057], [4.458294, 51.894092], [4.461315, 51.893515], [4.462088, 51.893253], [4.453826, 51.878892], [4.453686, 51.878103], [4.454843, 51.877505], [4.457426, 51.87675], [4.461154, 51.876358], [4.46222, 51.877007], [4.462945, 51.877624], [4.463897, 51.877947], [4.466135, 51.87934], [4.469684, 51.881796], [4.47089, 51.881121], [4.470453, 51.878555], [4.474682, 51.878112], [4.475458, 51.880634], [4.474478, 51.881352], [4.474541, 51.88186], [4.474704, 51.88192], [4.477006, 51.881595], [4.479823, 51.880668], [4.479556, 51.879871], [4.479817, 51.879518], [4.479384, 51.878054], [4.479454, 51.877665], [4.483724, 51.877202], [4.487427, 51.877059], [4.487291, 51.877385], [4.486478, 51.878085], [4.486085, 51.878783], [4.484774, 51.878607], [4.483627, 51.878701], [4.483527, 51.878789], [4.483934, 51.879165], [4.48573, 51.879135], [4.487802, 51.879252], [4.490643, 51.879755], [4.4919, 51.880112], [4.492664, 51.879697], [4.494394, 51.879224], [4.496331, 51.879292], [4.496862, 51.879505], [4.4967, 51.879786], [4.496133, 51.880027], [4.495609, 51.880513], [4.494321, 51.881266], [4.495299, 51.882493], [4.494618, 51.882953], [4.493784, 51.883049], [4.492787, 51.882471], [4.492913, 51.88164], [4.493232, 51.881307], [4.493387, 51.880816], [4.491931, 51.880179], [4.491708, 51.88051], [4.491806, 51.883641], [4.491678, 51.883582], [4.49151, 51.881151], [4.489684, 51.881236], [4.489643, 51.881827], [4.488717, 51.882347]]}, "properties": {}}, {"type": "Feature", "geometry": {"type": "LineString", "coordinates": [[4.455888, 51.914934], [4.455731, 51.91765], [4.455992, 51.918204], [4.459803, 51.921242], [4.459769, 51.921773], [4.459667, 51.921954], [4.459302, 51.921943], [4.45645, 51.921488], [4.45603, 51.921265], [4.455435, 51.921201], [4.455181, 51.920961], [4.455028, 51.920373], [4.454947, 51.918224], [4.454783, 51.91766], [4.454953, 51.917462], [4.455147, 51.913758], [4.454751, 51.913515], [4.454463, 51.912816], [4.454781, 51.912486], [4.455308, 51.912368], [4.45567, 51.912138], [4.456808, 51.909951], [4.457013, 51.909849], [4.457457, 51.910012], [4.45637, 51.912366], [4.456224, 51.912429], [4.454215, 51.911977], [4.454177, 51.911548], [4.454981, 51.910005], [4.452848, 51.909572], [4.452022, 51.910896], [4.453803, 51.911941]]}, "properties": {}}, {"type": "Feature", "geometry": {"type": "LineString", "coordinates": [[4.505284, 51.936993], [4.505534, 51.93749], [4.506501, 51.938068], [4.507564, 51.939905], [4.507657, 51.940432], [4.513867, 51.94251], [4.514991, 51.942599], [4.51584, 51.942482], [4.516405, 51.942176], [4.516898, 51.941675], [4.517176, 51.940725], [4.52082, 51.93963], [4.521974, 51.939088], [4.522349, 51.939124], [4.523011, 51.939511], [4.523768, 51.93947], [4.524762, 51.939217], [4.525681, 51.939349], [4.526311, 51.939992], [4.526806, 51.939977], [4.526933, 51.94006], [4.527141, 51.940583], [4.526901, 51.940951], [4.527859, 51.941542], [4.528084, 51.941492], [4.528745, 51.939974], [4.52763, 51.939819], [4.527152, 51.939654], [4.526895, 51.939917], [4.527106, 51.940528], [4.526876, 51.940926], [4.527548, 51.941412], [4.527978, 51.941548], [4.528764, 51.939992], [4.527941, 51.939888], [4.527186, 51.939634], [4.526915, 51.939887], [4.527115, 51.940524], [4.526888, 51.940925], [4.527515, 51.941414], [4.527958, 51.941544], [4.528178, 51.941333], [4.528709, 51.939945], [4.527847, 51.939876], [4.527143, 51.939666], [4.526888, 51.939916], [4.527104, 51.940491], [4.526877, 51.940923], [4.527906, 51.941557], [4.528089, 51.941502], [4.528751, 51.93998], [4.527705, 51.939842], [4.52719, 51.939647], [4.52692, 51.939888], [4.5271, 51.94053], [4.526927, 51.940937], [4.527536, 51.941423], [4.527967, 51.941537], [4.528141, 51.941429], [4.528767, 51.939979], [4.527743, 51.93983], [4.527206, 51.939621], [4.526922, 51.939859], [4.527087, 51.940533], [4.526951, 51.940839], [4.52677, 51.940848], [4.527571, 51.941441], [4.528018, 51.941543], [4.528742, 51.939934], [4.528002, 51.939895], [4.527165, 51.939653], [4.526919, 51.939853], [4.527097, 51.940505], [4.526911, 51.940936], [4.527526, 51.941412], [4.528008, 51.941554], [4.528731, 51.939986], [4.527684, 51.939837], [4.527177, 51.939644], [4.526898, 51.939932], [4.527105, 51.940529], [4.526911, 51.940952], [4.527545, 51.941403], [4.528042, 51.941543], [4.528758, 51.939985], [4.527917, 51.939893], [4.527154, 51.939639], [4.5269, 51.939862], [4.527113, 51.940522], [4.526891, 51.940922], [4.527509, 51.94141], [4.527973, 51.941554], [4.528743, 51.93997], [4.527658, 51.939839], [4.527156, 51.939655], [4.52691, 51.939911], [4.527118, 51.940552], [4.526885, 51.940951], [4.527506, 51.941417], [4.527971, 51.941557], [4.528753, 51.939991], [4.527614, 51.939828], [4.527163, 51.939651], [4.52691, 51.939885], [4.527097, 51.940537], [4.52691, 51.940944], [4.527521, 51.941421], [4.528011, 51.941574], [4.528747, 51.939974], [4.527545, 51.939811], [4.52716, 51.939656], [4.526905, 51.939897], [4.527108, 51.940511], [4.526868, 51.940934], [4.527543, 51.941422], [4.527919, 51.941556], [4.528108, 51.941466], [4.52877, 51.939954], [4.527682, 51.939846], [4.527151, 51.939659], [4.526897, 51.939991], [4.526519, 51.940005], [4.526068, 51.940229], [4.523558, 51.940265], [4.520003, 51.940633], [4.517294, 51.941564], [4.516851, 51.941854], [4.516373, 51.942504], [4.514769, 51.942663], [4.513845, 51.942591], [4.507693, 51.940501], [4.506551, 51.93835], [4.505637, 51.937614], [4.504124, 51.935276]]}, "properties": {}}, {"type": "Feature", "geometry": {"type": "LineString", "coordinates": [[4.279903, 52.117282], [4.283187, 52.115513], [4.283116, 52.115039], [4.282595, 52.114916], [4.281621, 52.114168], [4.282566, 52.113564], [4.283287, 52.113361], [4.283347, 52.113079], [4.283062, 52.112792], [4.28313, 52.112645], [4.291785, 52.107708], [4.29235, 52.1071], [4.294703, 52.105775], [4.295451, 52.105205], [4.296017, 52.104548], [4.296534, 52.102518], [4.297934, 52.101645], [4.298932, 52.100558], [4.30085, 52.099886], [4.300544, 52.099664], [4.300564, 52.099461], [4.300233, 52.098971], [4.30449, 52.097336], [4.306192, 52.096421], [4.311782, 52.089925], [4.314726, 52.086237], [4.317517, 52.083178], [4.32035, 52.081025], [4.321769, 52.080342], [4.323068, 52.07945], [4.323353, 52.07908], [4.323369, 52.078636], [4.324688, 52.07754], [4.322541, 52.076319], [4.322493, 52.076095], [4.322016, 52.075977], [4.320996, 52.075416], [4.3208, 52.07515], [4.321345, 52.074763], [4.321484, 52.074499], [4.323983, 52.07315], [4.323785, 52.072488], [4.324391, 52.072357], [4.32456, 52.071855], [4.325247, 52.071271], [4.325446, 52.070863], [4.326225, 52.070267], [4.327671, 52.068405], [4.329371, 52.067007], [4.329891, 52.065616], [4.330426, 52.064852], [4.337774, 52.057136], [4.338197, 52.056943], [4.338791, 52.056001], [4.341828, 52.052917], [4.342693, 52.052298], [4.342319, 52.051933], [4.342302, 52.050976], [4.342706, 52.050372], [4.343257, 52.04617], [4.342569, 52.045078], [4.343314, 52.04454], [4.343679, 52.043957], [4.343982, 52.041551], [4.343896, 52.040699], [4.344263, 52.040128], [4.34447, 52.038802], [4.344332, 52.038343], [4.344673, 52.037902], [4.344951, 52.036058], [4.345167, 52.035628], [4.345281, 52.034182], [4.346209, 52.029423], [4.346253, 52.02779], [4.346978, 52.024046], [4.347549, 52.022513], [4.348284, 52.021343], [4.347932, 52.020525], [4.348601, 52.020379], [4.349072, 52.020125], [4.350734, 52.017833], [4.35131, 52.017893], [4.351485, 52.018036], [4.351831, 52.018081], [4.352952, 52.017729], [4.352965, 52.017397], [4.353243, 52.017318], [4.353138, 52.017059], [4.353614, 52.016362], [4.354308, 52.015474], [4.355877, 52.013979], [4.356887, 52.012622], [4.355713, 52.012243], [4.355636, 52.012117], [4.358359, 52.008835], [4.359108, 52.007687], [4.359018, 52.007466], [4.360025, 52.006348], [4.360618, 52.005997], [4.361067, 52.006138], [4.361736, 52.006051], [4.363487, 52.006816], [4.36375, 52.006652], [4.362741, 52.006112], [4.362879, 52.005804], [4.36654, 52.002099], [4.367654, 52.000724], [4.370057, 51.996432], [4.373375, 51.991426], [4.374223, 51.989746], [4.374854, 51.989295], [4.375218, 51.988782], [4.376211, 51.987142], [4.376586, 51.98676], [4.376794, 51.986186], [4.377463, 51.985228], [4.377808, 51.98496], [4.378118, 51.984127], [4.379234, 51.98237], [4.382054, 51.978795], [4.384459, 51.975236], [4.389029, 51.96947], [4.389774, 51.968284], [4.391934, 51.965693], [4.39259, 51.964546], [4.39322, 51.963897], [4.393124, 51.963801], [4.393055, 51.963873], [4.393191, 51.963924], [4.393141, 51.963686], [4.395065, 51.961529], [4.396799, 51.958989], [4.399199, 51.956711], [4.404465, 51.954025], [4.405962, 51.953048], [4.407853, 51.951519], [4.409419, 51.950689], [4.412162, 51.948909], [4.413717, 51.948055], [4.415641, 51.947236], [4.416629, 51.946536], [4.418869, 51.943861], [4.419762, 51.943278], [4.421088, 51.942057], [4.421623, 51.941079], [4.421722, 51.9406], [4.421464, 51.939735], [4.420919, 51.939163], [4.421981, 51.938229], [4.42215, 51.937308], [4.422478, 51.936921], [4.423781, 51.936077], [4.424198, 51.935642], [4.421967, 51.934432], [4.422029, 51.934277], [4.422435, 51.934059], [4.426009, 51.931018], [4.42856, 51.929283], [4.430304, 51.927812], [4.431673, 51.92696], [4.433002, 51.926903], [4.433546, 51.926705], [4.433708, 51.926459], [4.433632, 51.92553], [4.436976, 51.922908], [4.437406, 51.922209], [4.437564, 51.922119], [4.437917, 51.922135], [4.438324, 51.921952], [4.43934, 51.921972], [4.440126, 51.921804], [4.440972, 51.921437], [4.442604, 51.920301], [4.447909, 51.91981], [4.448547, 51.919893], [4.448944, 51.919561], [4.451363, 51.918839], [4.454227, 51.91749], [4.45516, 51.917508], [4.456601, 51.917765]]}, "properties": {}}, {"type": "Feature", "geometry": {"type": "LineString", "coordinates": [[4.525538, 51.916979], [4.5233, 51.917265], [4.523014, 51.917412], [4.524146, 51.91953], [4.524572, 51.92018], [4.52484, 51.920209], [4.526341, 51.922638], [4.525241, 51.922877], [4.525209, 51.923103], [4.524808, 51.923179], [4.526811, 51.926255], [4.522156, 51.927004], [4.520845, 51.927128], [4.520662, 51.927211], [4.520641, 51.927431], [4.519018, 51.927561], [4.518836, 51.927717], [4.522316, 51.932992], [4.522331, 51.933274], [4.521978, 51.933426], [4.522061, 51.933587], [4.522096, 51.933303], [4.524984, 51.937631], [4.525232, 51.937914], [4.5254, 51.937881], [4.522437, 51.933128], [4.522037, 51.933184], [4.5221, 51.933356], [4.525287, 51.937919], [4.525423, 51.9378], [4.522928, 51.934084], [4.522448, 51.933143], [4.522045, 51.933202], [4.522216, 51.933501], [4.525191, 51.937888], [4.525375, 51.937887], [4.522761, 51.93384], [4.522428, 51.933121], [4.522037, 51.933223], [4.524896, 51.937511], [4.525174, 51.937892], [4.525392, 51.93789], [4.522405, 51.933138], [4.522095, 51.933191], [4.52208, 51.933306], [4.525021, 51.937657], [4.52522, 51.937898], [4.525385, 51.937879], [4.522628, 51.933617], [4.522441, 51.933137], [4.522067, 51.933192], [4.522088, 51.933311], [4.525016, 51.93763], [4.525221, 51.937891], [4.525393, 51.937869], [4.522964, 51.934075], [4.522087, 51.933415], [4.522033, 51.933195], [4.522333, 51.933033], [4.518837, 51.927663], [4.519052, 51.927547], [4.52065, 51.927422], [4.520614, 51.927196], [4.520759, 51.92713], [4.521972, 51.927025], [4.526808, 51.926265], [4.524803, 51.923206], [4.52523, 51.923113], [4.525211, 51.922889], [4.526273, 51.922722], [4.52633, 51.922628], [4.524847, 51.920231], [4.52455, 51.92014], [4.523452, 51.918454], [4.523458, 51.918131], [4.523026, 51.917445], [4.523132, 51.91732], [4.524277, 51.917074], [4.528188, 51.916643], [4.528284, 51.916512], [4.528296, 51.916587]]}, "properties": {}}, {"type": "Feature", "geometry": {"type": "LineString", "coordinates": [[4.455902, 51.914904], [4.456075, 51.914125], [4.455919, 51.913751], [4.45624, 51.912637], [4.45723, 51.910539], [4.457471, 51.910133], [4.457837, 51.909928], [4.457852, 51.909596], [4.458085, 51.909334], [4.458658, 51.909206], [4.460384, 51.909687], [4.460969, 51.90968], [4.461505, 51.909808], [4.463118, 51.909446], [4.463781, 51.908508], [4.463638, 51.908273], [4.464075, 51.907884], [4.464663, 51.90687], [4.465446, 51.906243], [4.466255, 51.904988], [4.466613, 51.904892], [4.466934, 51.904627], [4.467611, 51.903466], [4.467881, 51.903322], [4.468518, 51.903198], [4.468739, 51.903046], [4.469668, 51.902986], [4.473357, 51.904109], [4.475044, 51.905079], [4.47839, 51.906499], [4.477968, 51.907652], [4.477612, 51.908182], [4.47777, 51.908442], [4.478472, 51.908718], [4.478877, 51.908705], [4.479482, 51.907937], [4.480322, 51.90768], [4.482423, 51.909386], [4.482612, 51.90963], [4.482276, 51.909833], [4.481207, 51.911058], [4.481634, 51.911265], [4.481642, 51.911995], [4.482559, 51.912109], [4.483167, 51.91233], [4.484762, 51.912484], [4.486427, 51.913437], [4.489051, 51.915186], [4.491813, 51.917197], [4.495022, 51.918548], [4.499294, 51.919475], [4.499588, 51.920149], [4.500057, 51.920189], [4.501905, 51.920021], [4.504503, 51.919481], [4.505345, 51.920562], [4.505615, 51.921389], [4.506268, 51.922127], [4.507487, 51.924348], [4.507898, 51.924401], [4.510006, 51.926195], [4.510789, 51.926485], [4.511182, 51.926781], [4.511986, 51.926549], [4.512666, 51.927761], [4.512862, 51.928547], [4.513381, 51.928729], [4.51343, 51.929048], [4.51378, 51.929407], [4.514658, 51.929672], [4.514059, 51.930095], [4.514232, 51.930381], [4.514099, 51.930609], [4.512776, 51.931118], [4.512262, 51.93167], [4.511334, 51.931334], [4.511115, 51.93135], [4.511034, 51.931652], [4.511203, 51.932189], [4.511016, 51.932382], [4.509593, 51.932521], [4.508781, 51.932705], [4.50849, 51.932662], [4.508137, 51.932418], [4.50592, 51.933012], [4.503478, 51.93389], [4.503807, 51.934477], [4.504223, 51.934785], [4.505085, 51.936168], [4.50571, 51.937581], [4.506575, 51.938145], [4.507542, 51.939924], [4.507645, 51.940431], [4.512233, 51.941929], [4.513243, 51.942349], [4.514292, 51.942546], [4.515459, 51.942574], [4.516413, 51.942458], [4.516738, 51.941933], [4.517196, 51.941591], [4.519751, 51.94067], [4.521088, 51.940434], [4.525193, 51.940189], [4.526066, 51.938858], [4.522633, 51.933593], [4.5222, 51.932552], [4.521904, 51.93235], [4.519047, 51.928015], [4.517917, 51.927491], [4.51674, 51.927286], [4.515852, 51.926782], [4.514792, 51.925201], [4.514355, 51.924918], [4.511521, 51.920582], [4.509412, 51.920894], [4.508895, 51.920873], [4.507937, 51.921077], [4.507597, 51.920452], [4.505725, 51.920775], [4.505203, 51.920358], [4.504993, 51.920347], [4.500882, 51.92131], [4.500367, 51.921131], [4.500029, 51.920393], [4.499204, 51.920323], [4.499364, 51.920055], [4.495283, 51.918811], [4.494673, 51.918513], [4.494445, 51.918561], [4.494358, 51.918484], [4.499199, 51.914746], [4.499111, 51.914432], [4.49747, 51.913543], [4.497216, 51.913185], [4.497288, 51.913022], [4.498413, 51.912276], [4.498378, 51.912052], [4.496374, 51.910869], [4.493626, 51.908493], [4.493452, 51.90844], [4.492645, 51.908568], [4.492049, 51.90848], [4.490633, 51.907793], [4.490079, 51.907341], [4.487778, 51.906068], [4.487577, 51.905817], [4.488154, 51.905246], [4.488082, 51.904927], [4.485432, 51.903728], [4.486066, 51.903103], [4.485852, 51.902277], [4.485897, 51.901746], [4.485551, 51.901527], [4.485242, 51.901656], [4.483803, 51.9017], [4.481884, 51.901395], [4.481175, 51.901143], [4.480933, 51.901334], [4.479232, 51.901567], [4.478452, 51.901882], [4.477841, 51.901598], [4.477421, 51.901199], [4.474154, 51.900053], [4.474222, 51.899949], [4.475822, 51.899399], [4.478196, 51.899008], [4.480129, 51.899269], [4.480681, 51.899526], [4.482117, 51.899575], [4.482776, 51.899696], [4.483166, 51.899046], [4.483528, 51.89884], [4.484569, 51.899141], [4.495931, 51.901549], [4.496139, 51.901277], [4.496123, 51.900788], [4.495927, 51.899567], [4.495392, 51.897982], [4.487904, 51.896422], [4.487817, 51.896131], [4.486563, 51.895911], [4.485091, 51.895388], [4.475417, 51.893347], [4.474273, 51.8935], [4.472622, 51.894116], [4.469097, 51.89585], [4.468211, 51.895798], [4.467338, 51.895395], [4.466079, 51.895175], [4.463231, 51.894363], [4.462371, 51.89483], [4.452008, 51.896632], [4.448852, 51.896954], [4.447597, 51.896981], [4.444299, 51.897537], [4.443682, 51.897445], [4.43999, 51.898103], [4.439845, 51.897852], [4.440358, 51.89734], [4.441141, 51.897033], [4.4441, 51.896472], [4.446915, 51.896056], [4.460867, 51.893545], [4.461806, 51.893653], [4.46226, 51.894405], [4.462739, 51.894646], [4.463618, 51.894752], [4.468095, 51.896088], [4.468131, 51.896329], [4.467644, 51.897098], [4.467885, 51.897203], [4.469132, 51.897299], [4.468965, 51.897426], [4.468636, 51.897464], [4.468879, 51.902889], [4.467772, 51.903156], [4.467473, 51.903351], [4.466779, 51.904184], [4.465557, 51.906141], [4.46481, 51.90681], [4.46375, 51.908178], [4.463761, 51.90853], [4.463181, 51.909431], [4.460519, 51.910017], [4.459359, 51.910529], [4.457518, 51.910075], [4.456247, 51.912587], [4.455916, 51.913856], [4.45604, 51.914147], [4.455899, 51.915574], [4.458008, 51.915529], [4.458479, 51.915741], [4.459206, 51.915778], [4.459117, 51.91787], [4.458448, 51.918948], [4.457456, 51.919399], [4.458467, 51.919008], [4.458793, 51.91842], [4.459059, 51.918389]]}, "properties": {}}, {"type": "Feature", "geometry": {"type": "LineString", "coordinates": [[4.459006, 51.915028], [4.457545, 51.915037], [4.456288, 51.914859], [4.455933, 51.914982], [4.455796, 51.916131], [4.455776, 51.917225], [4.455959, 51.91802], [4.455838, 51.919301], [4.455902, 51.920398], [4.456216, 51.921433], [4.455344, 51.921425], [4.455322, 51.92236], [4.459671, 51.922902], [4.461983, 51.923036], [4.462366, 51.922912], [4.461842, 51.924847], [4.461449, 51.925244], [4.461168, 51.926008], [4.463041, 51.926343], [4.464228, 51.926693], [4.465013, 51.927162], [4.467223, 51.927625], [4.467578, 51.927501], [4.468232, 51.926314], [4.468653, 51.925919], [4.46839, 51.925428], [4.468468, 51.923606], [4.469795, 51.923476], [4.470276, 51.923182], [4.470698, 51.922679], [4.471441, 51.921298], [4.471378, 51.921037], [4.472124, 51.917785], [4.472772, 51.916967], [4.472721, 51.916746], [4.473354, 51.916071], [4.473617, 51.915959], [4.474323, 51.915022], [4.474174, 51.914773], [4.472, 51.914255], [4.473615, 51.911499], [4.473185, 51.911312], [4.472772, 51.910921], [4.472905, 51.910436], [4.47142, 51.909816], [4.471301, 51.909667], [4.472816, 51.907569], [4.47321, 51.9074], [4.4734, 51.907055], [4.475409, 51.907633], [4.476289, 51.90771], [4.477763, 51.908179], [4.478785, 51.906423], [4.478714, 51.906288], [4.475404, 51.904711], [4.475005, 51.904908], [4.473917, 51.904926], [4.47342, 51.904771], [4.472953, 51.904438], [4.47186, 51.904094], [4.47088, 51.903857], [4.470383, 51.903897], [4.469175, 51.903676], [4.468521, 51.904521], [4.468295, 51.905087], [4.467594, 51.905424], [4.465873, 51.90513], [4.463657, 51.908196], [4.463761, 51.908488], [4.463111, 51.909413], [4.46046, 51.909999], [4.459324, 51.910512], [4.457742, 51.91003], [4.45748, 51.910049], [4.456132, 51.912863], [4.455929, 51.913841], [4.456034, 51.914104], [4.455887, 51.9155], [4.459187, 51.915621], [4.459471, 51.915047], [4.457291, 51.915016]]}, "properties": {}}, {"type": "Feature", "geometry": {"type": "LineString", "coordinates": [[4.459729, 51.915146], [4.459611, 51.915522], [4.460153, 51.915567], [4.460404, 51.915705], [4.461178, 51.916447], [4.46161, 51.917071], [4.461535, 51.91726], [4.460962, 51.91733], [4.461129, 51.918527], [4.460626, 51.919654], [4.460633, 51.920227], [4.460351, 51.920979], [4.460417, 51.921705], [4.460633, 51.921899], [4.46185, 51.922138], [4.462381, 51.922741], [4.46176, 51.924932], [4.461074, 51.926041], [4.460958, 51.926896], [4.460067, 51.928096], [4.460506, 51.928245], [4.46042, 51.93048], [4.46057, 51.930578], [4.460293, 51.931038], [4.461617, 51.931547], [4.460898, 51.932405], [4.460855, 51.932846], [4.460454, 51.933698], [4.460577, 51.934696], [4.460049, 51.9353], [4.460471, 51.935616], [4.461013, 51.935648], [4.461697, 51.935856], [4.462766, 51.936376], [4.462335, 51.936888], [4.462748, 51.937114], [4.462617, 51.93744], [4.46318, 51.937646], [4.463058, 51.937678], [4.463345, 51.937921], [4.46549, 51.938721], [4.46658, 51.939491], [4.468346, 51.939804], [4.471384, 51.939734], [4.477944, 51.940622], [4.478787, 51.940653], [4.480322, 51.941888], [4.480852, 51.942465], [4.481136, 51.942466], [4.481267, 51.942579], [4.482018, 51.942524], [4.483662, 51.942875], [4.484279, 51.942955], [4.484417, 51.942827], [4.484535, 51.942968], [4.48508, 51.942997], [4.485224, 51.943682], [4.485593, 51.944275], [4.48554, 51.944495], [4.485942, 51.944912], [4.489486, 51.945739], [4.490655, 51.946355], [4.491707, 51.946423], [4.492599, 51.946737], [4.494527, 51.946737], [4.496216, 51.946458], [4.496999, 51.946532], [4.497717, 51.94683], [4.49826, 51.947285], [4.498377, 51.94773], [4.498102, 51.948162], [4.497568, 51.948367], [4.496459, 51.948402], [4.49533, 51.948594], [4.495002, 51.948569], [4.494634, 51.948366], [4.494724, 51.948246], [4.495898, 51.948464], [4.497524, 51.948374], [4.497919, 51.94864], [4.498651, 51.94991], [4.498927, 51.950007], [4.499358, 51.950558], [4.500082, 51.950913], [4.500603, 51.951451], [4.501427, 51.951401], [4.502478, 51.951805], [4.503886, 51.952019], [4.50531, 51.952062], [4.506242, 51.951937], [4.507178, 51.952153], [4.507072, 51.952352], [4.507498, 51.952656], [4.508222, 51.952644], [4.508772, 51.952389], [4.509372, 51.952293], [4.509901, 51.95256], [4.512696, 51.953237], [4.514068, 51.954282], [4.514543, 51.954128], [4.515181, 51.954271], [4.516373, 51.955063], [4.516279, 51.955652], [4.516528, 51.955712], [4.517149, 51.955708], [4.518887, 51.955446], [4.520062, 51.954734], [4.520481, 51.954332], [4.521943, 51.953684], [4.524716, 51.95214], [4.525191, 51.95103], [4.525102, 51.950579], [4.525451, 51.949634], [4.526127, 51.948546], [4.527115, 51.946315], [4.526929, 51.944635], [4.52652, 51.944206], [4.525499, 51.943595], [4.5247, 51.942771], [4.525349, 51.941053], [4.525727, 51.940446], [4.525479, 51.940225], [4.525257, 51.940188], [4.525276, 51.940039], [4.525885, 51.939148], [4.525818, 51.939063], [4.526083, 51.938912], [4.523141, 51.934388], [4.522158, 51.932593], [4.522403, 51.93306], [4.522854, 51.932947], [4.524098, 51.932064], [4.523707, 51.931675], [4.524266, 51.931587], [4.526244, 51.930936], [4.525821, 51.929734], [4.52776, 51.929526], [4.527746, 51.929044], [4.52735, 51.928621], [4.527147, 51.92796], [4.527774, 51.926605], [4.526311, 51.926426], [4.525712, 51.925424], [4.52616, 51.925189], [4.524824, 51.923196], [4.525068, 51.923104], [4.52503, 51.922781], [4.523801, 51.920846], [4.521414, 51.9214], [4.520911, 51.920798], [4.52106, 51.920615], [4.52345, 51.920285], [4.521571, 51.917293], [4.521719, 51.916833], [4.522239, 51.916713], [4.521954, 51.916203], [4.521989, 51.915831], [4.521557, 51.915493], [4.521037, 51.91557], [4.520794, 51.9151], [4.520006, 51.915343], [4.519508, 51.915384], [4.517325, 51.915218], [4.517084, 51.915633], [4.516063, 51.915638], [4.515012, 51.915815], [4.511361, 51.917513], [4.508594, 51.918439], [4.501244, 51.920103], [4.499638, 51.920173], [4.499467, 51.920015], [4.499501, 51.919601], [4.499121, 51.919363], [4.494924, 51.918512], [4.494503, 51.918154], [4.493606, 51.917913], [4.491849, 51.917137], [4.491311, 51.91729], [4.491391, 51.916803], [4.488244, 51.914545], [4.485709, 51.912969], [4.48479, 51.912497], [4.483035, 51.912267], [4.482917, 51.911346], [4.483381, 51.910371], [4.482855, 51.909597], [4.481146, 51.908144], [4.4812, 51.908045], [4.480444, 51.90764], [4.479412, 51.907599], [4.478948, 51.908526], [4.478687, 51.90854], [4.477873, 51.908293], [4.477874, 51.908062], [4.47883, 51.90633], [4.477646, 51.905748], [4.476546, 51.905487], [4.476314, 51.905301], [4.474738, 51.904783], [4.474268, 51.904904], [4.473814, 51.905211], [4.473701, 51.905828], [4.47345, 51.906138], [4.472955, 51.906204], [4.472385, 51.906697], [4.472294, 51.907001], [4.472443, 51.907377], [4.471598, 51.907273], [4.470867, 51.907654], [4.470504, 51.908723], [4.469165, 51.908239], [4.467921, 51.908145], [4.467496, 51.907972], [4.467311, 51.908005], [4.466673, 51.907707], [4.467604, 51.9055], [4.466295, 51.905199], [4.466138, 51.905257], [4.465426, 51.906343], [4.464721, 51.906876], [4.464036, 51.907937], [4.463685, 51.908233], [4.46378, 51.908472], [4.463579, 51.908895], [4.46323, 51.909372], [4.462982, 51.909495], [4.461545, 51.909795], [4.460432, 51.909681], [4.458409, 51.90912], [4.457911, 51.9091], [4.457761, 51.908981], [4.456074, 51.908523], [4.455173, 51.908579], [4.451192, 51.909183], [4.450522, 51.909385], [4.450015, 51.909683], [4.453899, 51.911939], [4.453914, 51.912059], [4.454267, 51.912167], [4.454705, 51.913506], [4.455211, 51.913785], [4.455962, 51.913972], [4.455767, 51.917292], [4.456082, 51.91825], [4.457497, 51.919386], [4.458385, 51.919051], [4.45891, 51.918357]]}, "properties": {}}, {"type": "Feature", "geometry": {"type": "LineString", "coordinates": [[4.459307, 51.914973], [4.457989, 51.915003], [4.456062, 51.91486], [4.455942, 51.914772], [4.456262, 51.912536], [4.456985, 51.911002], [4.45751, 51.910096], [4.457847, 51.909944], [4.458108, 51.909292], [4.458683, 51.909194], [4.460619, 51.909716], [4.46299, 51.909249], [4.464736, 51.906801], [4.465181, 51.906531], [4.46609, 51.905237], [4.466377, 51.90521], [4.467446, 51.90545], [4.467779, 51.90532], [4.46851, 51.903705], [4.468717, 51.903582], [4.47147, 51.903974], [4.472845, 51.904378], [4.473851, 51.904965], [4.473669, 51.905898], [4.473397, 51.906153], [4.472925, 51.90621], [4.472339, 51.906689], [4.47225, 51.907003], [4.472533, 51.907982], [4.471738, 51.909153], [4.471521, 51.909181], [4.469104, 51.908245], [4.468721, 51.908224], [4.468475, 51.907895], [4.467687, 51.907595], [4.468021, 51.906735], [4.467466, 51.906195], [4.468529, 51.903668], [4.468776, 51.903575], [4.471615, 51.904015], [4.472897, 51.904396], [4.473293, 51.904711], [4.473843, 51.904936], [4.473653, 51.905917], [4.473388, 51.906169], [4.472848, 51.906261], [4.472317, 51.906756], [4.472546, 51.907964], [4.471819, 51.909116], [4.471591, 51.909218], [4.469132, 51.908252], [4.468741, 51.908232], [4.468443, 51.907877], [4.467679, 51.907595], [4.467992, 51.90674], [4.46744, 51.906181], [4.468471, 51.90372], [4.46865, 51.903584], [4.468996, 51.9036], [4.471622, 51.904007], [4.472773, 51.904359], [4.47394, 51.905094], [4.473726, 51.905369], [4.473668, 51.905909], [4.473404, 51.906168], [4.472921, 51.906213], [4.472352, 51.906727], [4.472288, 51.90698], [4.472559, 51.907932], [4.471726, 51.909201], [4.469114, 51.908241], [4.468717, 51.908245], [4.468513, 51.907913], [4.467752, 51.907663], [4.467691, 51.90741], [4.468025, 51.906726], [4.467446, 51.90622], [4.468417, 51.903871], [4.468688, 51.9036], [4.47079, 51.903821], [4.472893, 51.904395], [4.473319, 51.904743], [4.473807, 51.904946], [4.47388, 51.905109], [4.473541, 51.906022], [4.473367, 51.906188], [4.473045, 51.906157], [4.472716, 51.90634], [4.472338, 51.906766], [4.472554, 51.907953], [4.471751, 51.909164], [4.471543, 51.90919], [4.469136, 51.908256], [4.467911, 51.908162], [4.467436, 51.907976], [4.467209, 51.907989], [4.466599, 51.90767], [4.465714, 51.907453], [4.465231, 51.906885], [4.464739, 51.906819], [4.463904, 51.907836], [4.463634, 51.908296], [4.463722, 51.908521], [4.463061, 51.909442], [4.460591, 51.909982], [4.459713, 51.910231], [4.459243, 51.910498], [4.457599, 51.910123], [4.456508, 51.911939], [4.455962, 51.913636]]}, "properties": {}}, {"type": "Feature", "geometry": {"type": "LineString", "coordinates": [[4.459348, 51.914979], [4.457033, 51.915035], [4.455989, 51.914845], [4.456044, 51.914031], [4.455728, 51.913786], [4.454735, 51.913522], [4.454365, 51.912248], [4.451649, 51.91086], [4.450492, 51.910105], [4.449999, 51.910004], [4.449429, 51.909703], [4.447261, 51.909986], [4.446111, 51.909813], [4.44606, 51.909609], [4.445768, 51.909475], [4.445728, 51.90851], [4.4435, 51.908552], [4.441397, 51.907278], [4.439991, 51.908087], [4.433011, 51.912649], [4.431537, 51.912957], [4.430514, 51.913054], [4.430301, 51.913441], [4.43003, 51.913587], [4.430025, 51.913882], [4.429859, 51.914041], [4.427961, 51.914951], [4.425913, 51.916233], [4.425508, 51.916678], [4.426086, 51.916823], [4.425793, 51.917364], [4.426468, 51.917888], [4.426585, 51.918221], [4.428127, 51.918149], [4.428323, 51.918218], [4.428375, 51.918463], [4.4288, 51.918656], [4.42935, 51.920381], [4.429125, 51.921817], [4.432991, 51.922267], [4.435669, 51.922466], [4.436145, 51.922363], [4.436859, 51.921804], [4.436851, 51.921703], [4.436398, 51.921631], [4.436448, 51.921454], [4.438312, 51.921464], [4.43832, 51.921655], [4.43799, 51.92178], [4.437316, 51.922334], [4.437098, 51.922843], [4.437265, 51.923061], [4.436522, 51.923616], [4.436449, 51.923991], [4.438957, 51.927295], [4.439741, 51.927703], [4.441659, 51.92957], [4.447963, 51.928949], [4.449163, 51.928923], [4.451664, 51.928579], [4.453388, 51.928596], [4.454653, 51.928799], [4.454885, 51.928728], [4.454954, 51.928478], [4.454226, 51.925793], [4.454661, 51.924127], [4.455074, 51.923448], [4.454988, 51.92303], [4.454873, 51.923064], [4.454721, 51.921582], [4.455361, 51.921419], [4.455483, 51.921232], [4.455943, 51.921226], [4.455732, 51.918262], [4.455548, 51.917749], [4.455805, 51.917446], [4.455889, 51.915646], [4.458081, 51.915531], [4.459177, 51.915577], [4.459351, 51.915294]]}, "properties": {}}, {"type": "Feature", "geometry": {"type": "LineString", "coordinates": [[4.459435, 51.914889], [4.459584, 51.914607], [4.459854, 51.91455], [4.463877, 51.915084], [4.464824, 51.915084], [4.468882, 51.914294], [4.469508, 51.914253], [4.469988, 51.914518], [4.46961, 51.914212], [4.469989, 51.913953], [4.475349, 51.915091], [4.479475, 51.916265], [4.481601, 51.916356], [4.482049, 51.916497], [4.482394, 51.916375], [4.483578, 51.916957], [4.484378, 51.917214], [4.488309, 51.918046], [4.489617, 51.918233], [4.489999, 51.918455], [4.492014, 51.918746], [4.493032, 51.918245], [4.493992, 51.918561], [4.494574, 51.918567], [4.494369, 51.918465], [4.497956, 51.915602], [4.49918, 51.914793], [4.499108, 51.914464], [4.497445, 51.913522], [4.497532, 51.913267], [4.499106, 51.912263], [4.499561, 51.912303], [4.500409, 51.911788], [4.500655, 51.911498], [4.505513, 51.908025], [4.508791, 51.905109], [4.510865, 51.902855], [4.511971, 51.902888], [4.512376, 51.90245], [4.513055, 51.902222], [4.512968, 51.902174], [4.514281, 51.900823], [4.514593, 51.900649], [4.514916, 51.900868], [4.514699, 51.900651], [4.514787, 51.900412], [4.516426, 51.898774], [4.517402, 51.898365], [4.519441, 51.897848], [4.519213, 51.897066], [4.518829, 51.896533], [4.518883, 51.896219], [4.520384, 51.894422], [4.522047, 51.892864], [4.522299, 51.892422], [4.521407, 51.892124], [4.521159, 51.891891], [4.519414, 51.891312], [4.517635, 51.890939], [4.517849, 51.890556], [4.517252, 51.890038], [4.516798, 51.889728], [4.515889, 51.889522], [4.516553, 51.887461], [4.515693, 51.887256], [4.51615, 51.8858], [4.51593, 51.8856], [4.515525, 51.88553], [4.515417, 51.885375], [4.515776, 51.884171], [4.515412, 51.884121], [4.515791, 51.882786], [4.515549, 51.882743], [4.515199, 51.882414], [4.513874, 51.882376], [4.513296, 51.882168], [4.511394, 51.880977], [4.509838, 51.879495], [4.509273, 51.879114], [4.509257, 51.878912], [4.508957, 51.878686], [4.508523, 51.878637], [4.505136, 51.876851], [4.50371, 51.87641], [4.505604, 51.87341], [4.505391, 51.873114], [4.503801, 51.872514], [4.502906, 51.872293], [4.500458, 51.872401], [4.498123, 51.872216], [4.497667, 51.872074], [4.496913, 51.872015], [4.494279, 51.871982], [4.488875, 51.871613], [4.488391, 51.871305], [4.486639, 51.871356], [4.486267, 51.871014], [4.486179, 51.870432], [4.485949, 51.87042], [4.485777, 51.87027], [4.485199, 51.870265], [4.484999, 51.86998], [4.484391, 51.870002], [4.484312, 51.869616], [4.481747, 51.869641], [4.481341, 51.869306], [4.478822, 51.869326], [4.477978, 51.869381], [4.477786, 51.869496], [4.477266, 51.869555], [4.477056, 51.8691], [4.4654, 51.869038], [4.465168, 51.869414], [4.465153, 51.869842], [4.461935, 51.870264], [4.462544, 51.872699], [4.463371, 51.874847], [4.463413, 51.875228], [4.463255, 51.875402], [4.463436, 51.875709], [4.461709, 51.87672], [4.462095, 51.877329], [4.46259, 51.877673], [4.462448, 51.878028], [4.463063, 51.878631], [4.461314, 51.879465], [4.461598, 51.879753], [4.461327, 51.879896], [4.461609, 51.880356], [4.461855, 51.880433], [4.462042, 51.880874], [4.462256, 51.882162], [4.462218, 51.882554], [4.461359, 51.882619], [4.461696, 51.883552], [4.461042, 51.883753], [4.460925, 51.884025], [4.45981, 51.884403], [4.460508, 51.885799], [4.460287, 51.886294], [4.461478, 51.888047], [4.46226, 51.889645], [4.463425, 51.891175], [4.464207, 51.892676], [4.463499, 51.893086], [4.462074, 51.893218], [4.461163, 51.893499], [4.44964, 51.895541], [4.449194, 51.895663], [4.448883, 51.895895], [4.447757, 51.895893], [4.440753, 51.89709], [4.440038, 51.897372], [4.43952, 51.898163], [4.439831, 51.898292], [4.440529, 51.897988], [4.447096, 51.896854], [4.450271, 51.896689], [4.452107, 51.896482], [4.452744, 51.896265], [4.456159, 51.895742], [4.457185, 51.895485], [4.458062, 51.895379], [4.458439, 51.895425], [4.461929, 51.894926], [4.462111, 51.895065], [4.463546, 51.89546], [4.463125, 51.896096], [4.463124, 51.896375], [4.464931, 51.896901], [4.465625, 51.897391], [4.466159, 51.8976], [4.467411, 51.897129], [4.468925, 51.897236], [4.469107, 51.897308], [4.468692, 51.897558], [4.468956, 51.902809], [4.467945, 51.902943], [4.467396, 51.903202], [4.465593, 51.906094], [4.464795, 51.906823]]}, "properties": {}}, {"type": "Feature", "geometry": {"type": "LineString", "coordinates": [[4.455916, 51.914928], [4.456112, 51.913913], [4.455944, 51.913723], [4.456181, 51.912752], [4.457445, 51.910139], [4.457765, 51.909991], [4.458143, 51.909332], [4.458694, 51.909224], [4.460643, 51.909732], [4.462386, 51.909399], [4.463159, 51.909429], [4.463769, 51.908508], [4.463742, 51.908187], [4.464255, 51.907617], [4.464642, 51.906901], [4.464819, 51.906827], [4.465378, 51.906859], [4.466389, 51.905258], [4.467585, 51.905486], [4.467873, 51.905141], [4.468276, 51.905092], [4.468497, 51.904533], [4.469097, 51.90371], [4.471577, 51.904044], [4.472857, 51.904434], [4.473847, 51.904953], [4.473644, 51.90592], [4.473412, 51.906168], [4.472852, 51.90626], [4.472362, 51.90672], [4.472438, 51.90739], [4.471575, 51.907281], [4.470994, 51.907545], [4.470667, 51.907911], [4.470557, 51.908661], [4.470415, 51.908744], [4.469105, 51.908254], [4.468705, 51.908235], [4.468408, 51.907889], [4.467709, 51.907643], [4.467679, 51.907396], [4.468015, 51.906728], [4.467432, 51.906174], [4.468455, 51.903775], [4.468737, 51.903587], [4.471721, 51.904064], [4.472891, 51.904432], [4.473824, 51.904944], [4.473866, 51.905088], [4.473454, 51.906136], [4.472935, 51.906241], [4.472345, 51.906759], [4.472413, 51.907405], [4.471577, 51.907289], [4.470924, 51.907603], [4.470625, 51.907992], [4.470501, 51.908729], [4.470293, 51.908733], [4.469085, 51.908263], [4.4687, 51.908234], [4.468375, 51.90786], [4.467717, 51.907676], [4.467647, 51.907433], [4.467995, 51.906713], [4.467475, 51.906309], [4.467459, 51.906125], [4.468609, 51.903611], [4.469152, 51.903608], [4.471618, 51.904041], [4.472877, 51.904444], [4.473843, 51.904965], [4.473624, 51.905931], [4.473401, 51.906167], [4.472868, 51.906274], [4.472342, 51.906758], [4.472422, 51.907411], [4.471604, 51.907297], [4.470865, 51.907637], [4.470452, 51.908754], [4.46912, 51.908268], [4.468705, 51.908242], [4.468416, 51.907889], [4.467706, 51.907641], [4.46801, 51.906705], [4.467438, 51.906193], [4.468574, 51.90362], [4.468627, 51.903116], [4.469094, 51.902758], [4.46953, 51.902711], [4.470795, 51.903039], [4.474368, 51.904326], [4.474466, 51.904404], [4.47434, 51.904557], [4.474513, 51.904698], [4.476443, 51.90541], [4.47691, 51.905794], [4.478302, 51.906535], [4.478356, 51.906664], [4.477084, 51.908444], [4.471554, 51.907295], [4.470828, 51.907689], [4.47045, 51.908738], [4.469144, 51.908263], [4.467231, 51.90801], [4.466414, 51.9076], [4.465754, 51.907453], [4.465251, 51.906899], [4.464764, 51.906832], [4.464017, 51.907913], [4.463696, 51.908136], [4.46373, 51.908521], [4.463152, 51.909411], [4.460721, 51.909954], [4.460164, 51.909956], [4.459889, 51.910087], [4.459166, 51.909998], [4.458985, 51.910223], [4.459107, 51.910457], [4.457538, 51.910067], [4.457073, 51.910877]]}, "properties": {}}, {"type": "Feature", "geometry": {"type": "LineString", "coordinates": [[4.459345, 51.914962], [4.455948, 51.91481], [4.456025, 51.913246], [4.456752, 51.911428], [4.457463, 51.910106], [4.457761, 51.909994], [4.458215, 51.909265], [4.458702, 51.909193], [4.460676, 51.909715], [4.462348, 51.909404], [4.463014, 51.90946], [4.463233, 51.909391], [4.463812, 51.908472], [4.463699, 51.908175], [4.464102, 51.907895], [4.464672, 51.906859], [4.463949, 51.906661], [4.46288, 51.906134], [4.463063, 51.905685], [4.463752, 51.905244], [4.465817, 51.902005], [4.465667, 51.901888], [4.464564, 51.901685], [4.463836, 51.901577], [4.463544, 51.901646], [4.462387, 51.904681], [4.462153, 51.904956], [4.461955, 51.904996], [4.461474, 51.904906], [4.460601, 51.904524], [4.460348, 51.904261], [4.461008, 51.902621], [4.461459, 51.902561], [4.461745, 51.90144], [4.460071, 51.901069], [4.459463, 51.901025], [4.454281, 51.901096], [4.454143, 51.90137], [4.45425, 51.901492], [4.458786, 51.902394], [4.458365, 51.904036], [4.460941, 51.904609], [4.4629, 51.905608], [4.462924, 51.906228], [4.463745, 51.906608], [4.464555, 51.906797], [4.465395, 51.906865], [4.466388, 51.905251], [4.467597, 51.90546], [4.467849, 51.905174], [4.468256, 51.90508], [4.469154, 51.903705], [4.470481, 51.903902], [4.470834, 51.903864], [4.471732, 51.904058], [4.472901, 51.904429], [4.47388, 51.905013], [4.473645, 51.905919], [4.473447, 51.90616], [4.472977, 51.90618], [4.472394, 51.906723], [4.472307, 51.907009], [4.472455, 51.907384], [4.471586, 51.907263], [4.471058, 51.907501], [4.470616, 51.908069], [4.470521, 51.908723], [4.469716, 51.908521], [4.469098, 51.908232], [4.468758, 51.908238], [4.468408, 51.907838], [4.467727, 51.90763], [4.468025, 51.906711], [4.467582, 51.906403], [4.467348, 51.905973], [4.467525, 51.905451], [4.466427, 51.905233], [4.465395, 51.90687], [4.464884, 51.906775], [4.464659, 51.906861], [4.46301, 51.909237], [4.460589, 51.909761], [4.459911, 51.910096], [4.459156, 51.910009], [4.458987, 51.910261], [4.459133, 51.910451], [4.457515, 51.910063], [4.456211, 51.912602], [4.455866, 51.914764], [4.456082, 51.914863], [4.459185, 51.915005]]}, "properties": {}}, {"type": "Feature", "geometry": {"type": "LineString", "coordinates": [[4.459454, 51.914789], [4.459575, 51.914612], [4.459875, 51.914559], [4.463847, 51.915089], [4.46471, 51.9151], [4.468801, 51.914341], [4.46965, 51.914265], [4.471134, 51.915284], [4.472206, 51.915732], [4.47741, 51.916883], [4.477241, 51.9172], [4.477414, 51.917458], [4.475799, 51.919079], [4.47572, 51.919372], [4.477484, 51.919657], [4.478028, 51.919947], [4.480031, 51.920355], [4.479832, 51.921265], [4.481997, 51.921853], [4.484858, 51.923201], [4.486029, 51.924003], [4.486657, 51.924902], [4.486545, 51.925383], [4.486964, 51.92546], [4.487184, 51.926215], [4.488565, 51.926171], [4.489583, 51.926344], [4.490676, 51.926288], [4.490837, 51.92696], [4.493305, 51.927123], [4.493277, 51.926491], [4.493585, 51.926216], [4.495694, 51.926377], [4.495994, 51.926307], [4.49576, 51.924164], [4.496212, 51.924046], [4.496485, 51.923733], [4.497251, 51.923671], [4.497636, 51.923364], [4.498151, 51.923405], [4.50081, 51.922907], [4.500934, 51.922615], [4.5011, 51.922554], [4.514502, 51.919579], [4.514858, 51.919424], [4.517418, 51.917342], [4.518082, 51.917241], [4.519709, 51.916498], [4.523807, 51.915412], [4.528372, 51.914588], [4.52802, 51.913801], [4.528208, 51.913592], [4.529487, 51.913407], [4.531296, 51.913327], [4.532939, 51.913034], [4.535396, 51.912779], [4.538376, 51.908928], [4.538958, 51.908963], [4.539293, 51.909188], [4.539715, 51.909234], [4.539731, 51.90959], [4.539476, 51.909632], [4.53948, 51.909477], [4.545576, 51.900872], [4.546572, 51.89984], [4.54769, 51.89894], [4.548248, 51.898587], [4.548532, 51.898763], [4.548027, 51.898894], [4.547348, 51.898704], [4.546986, 51.898405], [4.54693, 51.89818], [4.547476, 51.897665], [4.547483, 51.897364], [4.546889, 51.89715], [4.546725, 51.89693], [4.546351, 51.897079], [4.545525, 51.896882], [4.545426, 51.896177], [4.544838, 51.895695], [4.544348, 51.895542], [4.544575, 51.895013], [4.543975, 51.894895], [4.543868, 51.894544], [4.543122, 51.894397], [4.542918, 51.894535], [4.540773, 51.894526], [4.540277, 51.893562], [4.539088, 51.893818], [4.538985, 51.89407], [4.53591, 51.894209], [4.530844, 51.893363], [4.530751, 51.893277], [4.530942, 51.892697], [4.530461, 51.892495], [4.53034, 51.892277], [4.526923, 51.891147], [4.526336, 51.891595], [4.526028, 51.892588], [4.525633, 51.893016], [4.519233, 51.891021], [4.517893, 51.890782], [4.517867, 51.890517], [4.51681, 51.889728], [4.516395, 51.889933], [4.516573, 51.88976], [4.516338, 51.889597], [4.512775, 51.889035], [4.510892, 51.887413], [4.510526, 51.887428], [4.509068, 51.886582], [4.507176, 51.884723], [4.506949, 51.883612], [4.501661, 51.880975], [4.500876, 51.881118], [4.49838, 51.879907], [4.497021, 51.880949], [4.496968, 51.881075], [4.497314, 51.881251], [4.497188, 51.881185], [4.496885, 51.881264], [4.496427, 51.881614], [4.494237, 51.881267], [4.493173, 51.880612], [4.492141, 51.880174], [4.488769, 51.879374], [4.485217, 51.879096], [4.481299, 51.879415], [4.474378, 51.880764], [4.470672, 51.881208], [4.468837, 51.88259], [4.466956, 51.882804], [4.466651, 51.882978], [4.465836, 51.884737], [4.465645, 51.884888], [4.465929, 51.886726], [4.46612, 51.88713], [4.462737, 51.887915], [4.460155, 51.888289], [4.462838, 51.892633], [4.462971, 51.89298], [4.462352, 51.893131], [4.462232, 51.89325], [4.462529, 51.893591], [4.463137, 51.893964], [4.462912, 51.894245], [4.464501, 51.894779], [4.466376, 51.895264], [4.467325, 51.895406], [4.468402, 51.895915], [4.467629, 51.897085], [4.468848, 51.897195], [4.469127, 51.897302], [4.468945, 51.897476], [4.468546, 51.897453], [4.469028, 51.902783], [4.467805, 51.90298], [4.467354, 51.903254], [4.465548, 51.906115], [4.464642, 51.906913], [4.464037, 51.90789], [4.463675, 51.908198], [4.463737, 51.908522], [4.463099, 51.909426], [4.460469, 51.910008], [4.459412, 51.910567], [4.457752, 51.910109], [4.45764, 51.910163]]}, "properties": {}}, {"type": "Feature", "geometry": {"type": "LineString", "coordinates": [[4.45594, 51.914936], [4.456141, 51.91388], [4.455963, 51.91369], [4.456116, 51.912949], [4.457442, 51.910129], [4.45779, 51.909982], [4.458028, 51.909648], [4.457647, 51.909458], [4.458083, 51.909498], [4.457987, 51.909388], [4.458233, 51.90921], [4.458606, 51.909209], [4.460665, 51.909719], [4.463001, 51.909241], [4.464741, 51.906821], [4.465096, 51.906633], [4.465547, 51.906089], [4.466101, 51.905199], [4.466304, 51.905158], [4.467187, 51.905414], [4.467656, 51.905446], [4.46853, 51.903555], [4.471554, 51.904015], [4.472877, 51.904413], [4.473858, 51.904959], [4.473631, 51.905936], [4.47341, 51.906174], [4.472929, 51.906218], [4.472361, 51.906745], [4.472451, 51.907375], [4.471587, 51.907269], [4.47104, 51.90753], [4.470654, 51.907962], [4.470458, 51.908742], [4.4691, 51.908244], [4.468747, 51.90826], [4.468406, 51.907873], [4.467717, 51.907627], [4.468015, 51.90673], [4.467468, 51.906171], [4.468452, 51.903783], [4.468722, 51.903585], [4.471764, 51.904068], [4.472908, 51.904427], [4.473823, 51.904936], [4.473874, 51.90509], [4.473667, 51.905852], [4.47343, 51.906141], [4.472872, 51.906231], [4.472375, 51.906697], [4.472437, 51.907378], [4.471605, 51.907272], [4.47097, 51.907544], [4.470608, 51.908039], [4.470515, 51.908713], [4.469777, 51.908539], [4.469147, 51.908256], [4.468743, 51.908231], [4.468392, 51.90786], [4.467726, 51.907642], [4.467703, 51.907389], [4.468068, 51.906741], [4.467462, 51.906137], [4.468485, 51.903713], [4.468899, 51.903571], [4.471643, 51.904044], [4.472989, 51.904469], [4.473893, 51.905089], [4.473682, 51.90544], [4.47371, 51.905782], [4.47345, 51.906126], [4.473009, 51.906158], [4.472395, 51.90666], [4.472305, 51.906959], [4.472442, 51.907382], [4.471581, 51.907266], [4.470975, 51.907559], [4.470597, 51.908079], [4.470505, 51.908702], [4.470076, 51.908635], [4.469108, 51.908244], [4.468721, 51.908226], [4.468421, 51.907867], [4.467693, 51.907596], [4.468038, 51.90672], [4.467459, 51.90623], [4.468587, 51.903615], [4.471165, 51.903932], [4.472946, 51.904445], [4.473878, 51.905008], [4.473662, 51.905935], [4.473374, 51.90617], [4.472965, 51.906181], [4.472434, 51.906612], [4.472293, 51.906981], [4.472427, 51.907377], [4.471574, 51.907267], [4.470909, 51.907622], [4.470627, 51.90804], [4.470468, 51.908734], [4.469106, 51.908243], [4.467234, 51.908002], [4.466387, 51.907595], [4.465761, 51.907454], [4.465334, 51.906934], [4.464868, 51.906815], [4.463769, 51.908103], [4.463744, 51.908529], [4.463082, 51.909448], [4.460395, 51.910036], [4.459379, 51.910558], [4.457519, 51.910066], [4.456485, 51.911983], [4.456034, 51.913278], [4.455937, 51.915547], [4.459206, 51.915503], [4.459306, 51.915267]]}, "properties": {}}, {"type": "Feature", "geometry": {"type": "LineString", "coordinates": [[4.455855, 51.914977], [4.456165, 51.913847], [4.455957, 51.913696], [4.456115, 51.912933], [4.4573, 51.910404], [4.457499, 51.910076], [4.457756, 51.909977], [4.458167, 51.909231], [4.458636, 51.909196], [4.460669, 51.909718], [4.462414, 51.909365], [4.46313, 51.909388], [4.463781, 51.908472], [4.46373, 51.908173], [4.464671, 51.906881], [4.465375, 51.906883], [4.466436, 51.90522], [4.467625, 51.905461], [4.468456, 51.903672], [4.468682, 51.903553], [4.470904, 51.903864], [4.471775, 51.90408], [4.472915, 51.904449], [4.473753, 51.904924], [4.474779, 51.90485], [4.475299, 51.904936], [4.47673, 51.905572], [4.477289, 51.905628], [4.478765, 51.906274], [4.47783, 51.908261], [4.47878, 51.908538], [4.479431, 51.907568], [4.480576, 51.907711], [4.482135, 51.90884], [4.483361, 51.910296], [4.483568, 51.910848], [4.483069, 51.91183], [4.483051, 51.912267], [4.484738, 51.912496], [4.486248, 51.913331], [4.484741, 51.912488], [4.483045, 51.912245], [4.483189, 51.911405], [4.483566, 51.910872], [4.483432, 51.910273], [4.482812, 51.909491], [4.480676, 51.907665], [4.479462, 51.907577], [4.478836, 51.908544], [4.478586, 51.908543], [4.477824, 51.908258], [4.4788, 51.906357], [4.477475, 51.905688], [4.476875, 51.905618], [4.4755, 51.905], [4.475179, 51.905079], [4.474613, 51.904799], [4.473843, 51.905158], [4.473692, 51.905863], [4.473404, 51.906189], [4.473045, 51.906175], [4.472636, 51.906425], [4.472306, 51.906478], [4.471379, 51.90628], [4.470938, 51.9064], [4.470089, 51.906055], [4.469704, 51.906062], [4.468775, 51.906793], [4.468041, 51.906653], [4.467521, 51.906331], [4.467369, 51.905963], [4.467538, 51.905454], [4.466398, 51.905265], [4.466097, 51.905118], [4.465531, 51.905672], [4.465004, 51.906398], [4.464973, 51.906658], [4.464738, 51.906792], [4.464095, 51.907813], [4.463659, 51.908216], [4.463761, 51.908494], [4.463133, 51.909417], [4.460472, 51.910013], [4.45932, 51.91058], [4.457637, 51.910095], [4.457182, 51.910673], [4.456084, 51.913046], [4.455852, 51.91481], [4.456144, 51.915004], [4.456467, 51.915052], [4.459377, 51.915]]}, "properties": {}}, {"type": "Feature", "geometry": {"type": "LineString", "coordinates": [[4.455893, 51.91492], [4.455806, 51.917502], [4.455559, 51.917768], [4.455723, 51.918224], [4.455954, 51.921219], [4.455447, 51.921211], [4.45532, 51.921441], [4.455324, 51.922341], [4.455101, 51.92288], [4.455165, 51.923544], [4.454844, 51.92403], [4.454511, 51.92582], [4.45533, 51.928667], [4.455371, 51.929085], [4.455165, 51.929341], [4.455636, 51.929588], [4.455077, 51.929974], [4.453973, 51.931287], [4.453164, 51.932658], [4.45349, 51.932999], [4.453429, 51.933252], [4.453247, 51.933479], [4.45284, 51.933666], [4.452998, 51.933974], [4.452263, 51.934942], [4.452432, 51.936015], [4.453207, 51.936791], [4.453494, 51.936784], [4.453971, 51.936317], [4.4536, 51.936059], [4.452223, 51.93564], [4.451852, 51.935634], [4.450878, 51.935877], [4.451212, 51.936851], [4.451208, 51.937289], [4.452323, 51.940571], [4.451937, 51.941253], [4.453435, 51.945972], [4.454615, 51.946581], [4.457679, 51.947762], [4.457495, 51.948298], [4.457535, 51.948743], [4.459143, 51.948446], [4.461296, 51.948464], [4.462522, 51.948358], [4.463122, 51.94865], [4.464347, 51.948619], [4.465673, 51.948811], [4.466077, 51.949093], [4.469043, 51.949753], [4.47008, 51.950085], [4.470487, 51.949981], [4.470944, 51.950047], [4.471647, 51.949776], [4.474598, 51.949424], [4.475134, 51.949102], [4.474603, 51.948954], [4.474637, 51.948376], [4.474032, 51.947024], [4.473982, 51.946499], [4.474337, 51.946453], [4.474347, 51.946141], [4.475059, 51.946031], [4.475487, 51.946176], [4.475793, 51.946116], [4.475456, 51.945439], [4.475896, 51.945346], [4.476104, 51.94499], [4.482385, 51.943888], [4.482728, 51.94368], [4.485135, 51.943329], [4.485288, 51.942774], [4.485787, 51.942407], [4.486104, 51.941963], [4.485885, 51.940996], [4.488828, 51.941401], [4.488951, 51.941199], [4.489154, 51.941157], [4.491268, 51.941453], [4.493065, 51.941131], [4.493763, 51.940741], [4.49556, 51.939174], [4.496135, 51.939155], [4.49634, 51.939017], [4.499079, 51.936833], [4.499019, 51.93674], [4.499332, 51.936772], [4.499977, 51.937138], [4.501126, 51.938143], [4.502242, 51.937921], [4.502935, 51.938001], [4.503232, 51.938146], [4.50555, 51.93765], [4.505604, 51.937387], [4.505809, 51.937681], [4.506523, 51.9381], [4.507714, 51.94045], [4.512218, 51.941946], [4.51306, 51.942313], [4.514318, 51.942576], [4.515608, 51.942525], [4.516491, 51.942096], [4.516909, 51.941644], [4.517331, 51.940156], [4.518086, 51.939913], [4.518363, 51.93994], [4.519377, 51.939624], [4.5201, 51.939524], [4.520943, 51.939253], [4.521009, 51.93905], [4.522015, 51.938744], [4.522677, 51.938883], [4.523167, 51.939495], [4.523981, 51.939404], [4.524733, 51.938249], [4.525507, 51.938036], [4.525443, 51.937901], [4.525199, 51.937888], [4.524677, 51.937208], [4.522043, 51.933279], [4.522331, 51.933078], [4.52204, 51.93257], [4.522405, 51.933062], [4.522762, 51.932984], [4.522506, 51.932527], [4.523082, 51.931566], [4.522957, 51.931158], [4.522846, 51.931181], [4.522727, 51.930986], [4.522225, 51.92924], [4.521777, 51.92825], [4.52073, 51.927244], [4.519518, 51.925408], [4.519608, 51.924954], [4.519456, 51.924543], [4.519792, 51.924232], [4.519648, 51.923918], [4.523488, 51.923321], [4.523532, 51.923243], [4.522431, 51.923274], [4.522252, 51.922648], [4.521572, 51.921597], [4.521168, 51.921334], [4.520751, 51.920705], [4.518505, 51.92105], [4.517699, 51.921053], [4.517184, 51.920872], [4.516521, 51.921045], [4.516151, 51.920644], [4.515393, 51.920377], [4.515001, 51.919848], [4.514436, 51.919949], [4.514171, 51.919789], [4.51119, 51.920313], [4.506263, 51.921456], [4.505387, 51.920358], [4.505106, 51.920304], [4.504431, 51.920535], [4.503952, 51.920404], [4.502996, 51.92035], [4.502655, 51.920127], [4.500958, 51.920451], [4.5001, 51.920422], [4.499934, 51.920249], [4.499366, 51.920042], [4.496109, 51.919076], [4.494644, 51.918509], [4.494434, 51.91856], [4.494409, 51.918457], [4.497327, 51.916108], [4.499226, 51.914819], [4.498982, 51.914386], [4.497515, 51.913563], [4.497105, 51.913194], [4.498287, 51.912408], [4.498452, 51.912138], [4.49639, 51.91087], [4.493885, 51.908752], [4.493624, 51.908407], [4.492931, 51.908567], [4.492285, 51.908554], [4.490566, 51.907838], [4.489479, 51.908181], [4.483936, 51.91038], [4.483151, 51.910851], [4.483386, 51.910325], [4.482847, 51.909527], [4.48076, 51.907778], [4.480442, 51.907645], [4.479464, 51.907579], [4.478982, 51.908476], [4.478691, 51.908552], [4.477865, 51.908328], [4.477136, 51.907947], [4.473606, 51.906876], [4.473173, 51.907055], [4.472855, 51.907479], [4.471603, 51.90728], [4.470931, 51.907586], [4.470617, 51.908017], [4.470586, 51.908636], [4.470451, 51.908739], [4.469132, 51.908243], [4.467795, 51.908137], [4.467409, 51.907963], [4.467238, 51.907995], [4.466703, 51.907688], [4.465787, 51.907485], [4.465359, 51.906928], [4.464844, 51.9068], [4.464592, 51.906953], [4.46401, 51.907929], [4.463614, 51.908216], [4.463772, 51.908503], [4.463083, 51.909446], [4.460319, 51.91006], [4.459406, 51.910556], [4.457902, 51.910095], [4.457485, 51.910091], [4.456312, 51.912405], [4.456026, 51.913296], [4.455912, 51.914797], [4.456336, 51.914872]]}, "properties": {}}, {"type": "Feature", "geometry": {"type": "LineString", "coordinates": [[4.455932, 51.914929], [4.456127, 51.913799], [4.455934, 51.91366], [4.456184, 51.912678], [4.457479, 51.91009], [4.457766, 51.909977], [4.458023, 51.90962], [4.45922, 51.909871], [4.458662, 51.909631], [4.458243, 51.909198], [4.458758, 51.909207], [4.460714, 51.90971], [4.462982, 51.909242], [4.463661, 51.908386], [4.464222, 51.907367], [4.464977, 51.906685], [4.464997, 51.90638], [4.466281, 51.904512], [4.466837, 51.904545], [4.467396, 51.903559], [4.467716, 51.903354], [4.468541, 51.903206], [4.468652, 51.903542], [4.469858, 51.903738], [4.470199, 51.903673], [4.470292, 51.903801], [4.471714, 51.904052], [4.472878, 51.904417], [4.473868, 51.904977], [4.473653, 51.905857], [4.473425, 51.906151], [4.472997, 51.906175], [4.472362, 51.906718], [4.472287, 51.906966], [4.472437, 51.907369], [4.471577, 51.907266], [4.470964, 51.907555], [4.470631, 51.907971], [4.470581, 51.908666], [4.470396, 51.908735], [4.469176, 51.908267], [4.468766, 51.908245], [4.468431, 51.907872], [4.467823, 51.907682], [4.467677, 51.907537], [4.468036, 51.906712], [4.467427, 51.906167], [4.46851, 51.90365], [4.469084, 51.903609], [4.471671, 51.904045], [4.472927, 51.90444], [4.473886, 51.905002], [4.473613, 51.905946], [4.473423, 51.906153], [4.472983, 51.9062], [4.472366, 51.906747], [4.472431, 51.907374], [4.471591, 51.907264], [4.471043, 51.907512], [4.470631, 51.908033], [4.470609, 51.908642], [4.470335, 51.908715], [4.469097, 51.908238], [4.46875, 51.908237], [4.468462, 51.907889], [4.467799, 51.907688], [4.467683, 51.907561], [4.468037, 51.906708], [4.467432, 51.906196], [4.468515, 51.903683], [4.46886, 51.903576], [4.471511, 51.904016], [4.472814, 51.90439], [4.473916, 51.905052], [4.473685, 51.90591], [4.473449, 51.906161], [4.473009, 51.90618], [4.472373, 51.906734], [4.472453, 51.907378], [4.471566, 51.907265], [4.471025, 51.907512], [4.470675, 51.907939], [4.470514, 51.908735], [4.470161, 51.90863], [4.469589, 51.907868], [4.46946, 51.907378], [4.469567, 51.906969], [4.468047, 51.906651], [4.46743, 51.906403], [4.466734, 51.907673], [4.465803, 51.907459], [4.465219, 51.906874], [4.465007, 51.906813], [4.464697, 51.906889], [4.463771, 51.908131], [4.463583, 51.908791], [4.463038, 51.909452], [4.46039, 51.910035], [4.45933, 51.910577], [4.457485, 51.910079], [4.456505, 51.911882], [4.455883, 51.913905], [4.455814, 51.917496], [4.455569, 51.91776], [4.455741, 51.918365], [4.455953, 51.921223], [4.4554, 51.921169], [4.455167, 51.921007], [4.454971, 51.918565], [4.454765, 51.917807], [4.454983, 51.91727], [4.455165, 51.913988], [4.455282, 51.91389], [4.455985, 51.913982], [4.455945, 51.914808]]}, "properties": {}}, {"type": "Feature", "geometry": {"type": "LineString", "coordinates": [[4.456972, 51.914924], [4.456224, 51.914927], [4.455949, 51.914775], [4.455943, 51.914233], [4.45616, 51.913846], [4.455964, 51.913669], [4.456197, 51.912671], [4.457019, 51.910899], [4.457481, 51.910082], [4.457797, 51.909979], [4.457999, 51.909647], [4.45802, 51.909569], [4.457447, 51.909421], [4.458024, 51.909384], [4.458164, 51.909219], [4.45866, 51.909186], [4.460738, 51.909706], [4.463039, 51.909204], [4.464552, 51.907009], [4.464267, 51.90675], [4.462869, 51.906152], [4.463078, 51.9057], [4.463773, 51.905172], [4.465783, 51.901984], [4.465413, 51.901765], [4.463769, 51.901505], [4.463542, 51.901614], [4.462393, 51.904657], [4.462294, 51.90485], [4.461963, 51.904982], [4.460628, 51.904538], [4.46036, 51.904315], [4.460973, 51.902606], [4.461502, 51.902533], [4.461738, 51.901424], [4.459596, 51.901044], [4.454222, 51.901122], [4.4542, 51.901497], [4.458773, 51.902386], [4.458364, 51.904032], [4.460226, 51.904401], [4.46187, 51.90498], [4.462367, 51.904703], [4.463565, 51.901519], [4.46577, 51.901835], [4.465107, 51.903173], [4.463862, 51.904773], [4.463652, 51.905243], [4.463008, 51.905721], [4.46285, 51.906153], [4.463755, 51.9066], [4.465232, 51.906879], [4.46573, 51.90742], [4.466594, 51.907677], [4.466798, 51.907631], [4.467862, 51.905158], [4.468232, 51.905135], [4.468411, 51.904986], [4.468484, 51.904551], [4.468783, 51.904311], [4.469073, 51.903712], [4.471589, 51.904024], [4.472911, 51.904441], [4.473826, 51.904932], [4.473667, 51.905902], [4.473423, 51.906159], [4.472951, 51.906208], [4.47238, 51.906706], [4.472425, 51.907379], [4.471611, 51.907269], [4.471019, 51.90753], [4.470689, 51.907896], [4.470533, 51.908721], [4.469796, 51.908563], [4.469109, 51.908248], [4.468724, 51.908231], [4.468475, 51.907897], [4.46809, 51.907745], [4.467492, 51.907675], [4.46696, 51.907868], [4.46639, 51.907587], [4.465793, 51.907461], [4.465336, 51.906942], [4.464872, 51.906809], [4.463914, 51.907828], [4.46364, 51.908265], [4.463734, 51.908502], [4.4631, 51.909421], [4.460409, 51.910009], [4.459436, 51.910548], [4.457491, 51.910069], [4.456223, 51.912609], [4.455948, 51.91369]]}, "properties": {}}, {"type": "Feature", "geometry": {"type": "LineString", "coordinates": [[4.459392, 51.914977], [4.459571, 51.914583], [4.459813, 51.914547], [4.463638, 51.915077], [4.464798, 51.915095], [4.46786, 51.914463], [4.469363, 51.91427], [4.469965, 51.913988], [4.470324, 51.914013], [4.474949, 51.915011], [4.478989, 51.916122], [4.48062, 51.916344], [4.48153, 51.916368], [4.481873, 51.9165], [4.482414, 51.916399], [4.482516, 51.91718], [4.482723, 51.917449], [4.483529, 51.917453], [4.483861, 51.917032], [4.485421, 51.91747], [4.487389, 51.917767], [4.489322, 51.918231], [4.489815, 51.918208], [4.490467, 51.91843], [4.492076, 51.918727], [4.492286, 51.918526], [4.492881, 51.91842], [4.493068, 51.918217], [4.49341, 51.918383], [4.494339, 51.918151], [4.49745, 51.915542], [4.496907, 51.915834], [4.49599, 51.915401], [4.489801, 51.911691], [4.488442, 51.910524], [4.488192, 51.910147], [4.488261, 51.909845], [4.488853, 51.90957], [4.489168, 51.909541], [4.492325, 51.910657], [4.493059, 51.911168], [4.496944, 51.913236], [4.498018, 51.912589], [4.498452, 51.912149], [4.498316, 51.911973], [4.496359, 51.910876], [4.495959, 51.910197], [4.500142, 51.908505], [4.500306, 51.908383], [4.500182, 51.908243], [4.5003, 51.908007], [4.49837, 51.906129], [4.497081, 51.905362], [4.497362, 51.905395], [4.497296, 51.905103], [4.496873, 51.904802], [4.496584, 51.903587], [4.497069, 51.903044], [4.497068, 51.902737], [4.496882, 51.902522], [4.496775, 51.901883], [4.496066, 51.901654], [4.496143, 51.900735], [4.495655, 51.898705], [4.493603, 51.894381], [4.49364, 51.892931], [4.492371, 51.892881], [4.49202, 51.892637], [4.491559, 51.892764], [4.490453, 51.890965], [4.489475, 51.890403], [4.488003, 51.890406], [4.487285, 51.889646], [4.486869, 51.88972], [4.487266, 51.889615], [4.487044, 51.889215], [4.485702, 51.889479], [4.485428, 51.889365], [4.484716, 51.888424], [4.483924, 51.888561], [4.483492, 51.888461], [4.483694, 51.888226], [4.483341, 51.887789], [4.483275, 51.887449], [4.481632, 51.885378], [4.483699, 51.88466], [4.483109, 51.88386], [4.481987, 51.883125], [4.479865, 51.883437], [4.478384, 51.88153], [4.474609, 51.881889], [4.474475, 51.881345], [4.475567, 51.880507], [4.473208, 51.880954], [4.470817, 51.881173], [4.468818, 51.882602], [4.466867, 51.882836], [4.466366, 51.883454], [4.463429, 51.883534], [4.460115, 51.884242], [4.459886, 51.884229], [4.459335, 51.883941], [4.458807, 51.884245], [4.458721, 51.884677], [4.458276, 51.884926], [4.457433, 51.88511], [4.457398, 51.885379], [4.447284, 51.887097], [4.457298, 51.885398], [4.457484, 51.885345], [4.45744, 51.885138], [4.458149, 51.884967], [4.459118, 51.885111], [4.459661, 51.886096], [4.460236, 51.886204], [4.460323, 51.886309], [4.461448, 51.888007], [4.462495, 51.890006], [4.463535, 51.891332], [4.46419, 51.892622], [4.464594, 51.892586], [4.464833, 51.892749], [4.465524, 51.894001], [4.466206, 51.89487], [4.46745, 51.895211], [4.468277, 51.89558], [4.468261, 51.896106], [4.467673, 51.897141], [4.469118, 51.897283], [4.468885, 51.897528], [4.46902, 51.897408], [4.469027, 51.902787], [4.468819, 51.90291], [4.467929, 51.902937], [4.467415, 51.903182], [4.465601, 51.90605], [4.464846, 51.906783], [4.463815, 51.9066], [4.460476, 51.905196], [4.456641, 51.904022], [4.453672, 51.903452], [4.451667, 51.903204], [4.450153, 51.903283], [4.44714, 51.903912], [4.446843, 51.903698], [4.446375, 51.90272], [4.446369, 51.902333], [4.446019, 51.90232], [4.445028, 51.902558], [4.445147, 51.902425], [4.445558, 51.903072], [4.445754, 51.904042], [4.446164, 51.904428], [4.446513, 51.905087], [4.447824, 51.90499], [4.447943, 51.906224], [4.448677, 51.906293], [4.448828, 51.908788], [4.449112, 51.909289], [4.453614, 51.911855], [4.454117, 51.912009], [4.454346, 51.912261], [4.454683, 51.913503], [4.455371, 51.913869], [4.456017, 51.914022], [4.45593, 51.915544], [4.458377, 51.915543]]}, "properties": {}}, {"type": "Feature", "geometry": {"type": "LineString", "coordinates": [[4.455904, 51.914914], [4.456231, 51.913096], [4.456494, 51.912561], [4.456372, 51.912264], [4.45752, 51.910076], [4.457777, 51.909981], [4.457969, 51.909695], [4.457913, 51.909514], [4.458635, 51.909203], [4.460675, 51.909711], [4.461362, 51.909593], [4.462991, 51.909246], [4.46367, 51.908408], [4.464539, 51.907007], [4.464312, 51.906739], [4.463889, 51.906644], [4.462893, 51.906143], [4.463085, 51.905716], [4.463724, 51.905255], [4.465785, 51.902053], [4.465717, 51.901913], [4.465425, 51.901822], [4.463754, 51.901547], [4.463572, 51.901619], [4.462428, 51.904575], [4.462012, 51.904987], [4.461631, 51.904941], [4.460616, 51.904546], [4.460367, 51.904287], [4.461008, 51.902633], [4.461508, 51.902566], [4.461768, 51.901472], [4.461291, 51.901287], [4.45939, 51.901041], [4.455201, 51.901059], [4.454293, 51.901123], [4.454124, 51.901239], [4.454281, 51.901513], [4.458772, 51.902386], [4.458392, 51.903514], [4.450201, 51.901831], [4.452523, 51.902326], [4.452392, 51.902637], [4.45135, 51.902781], [4.44921, 51.903361], [4.447769, 51.90361], [4.44747, 51.903806], [4.447667, 51.904073], [4.447602, 51.904301], [4.446317, 51.904744], [4.446561, 51.905115], [4.447875, 51.904997], [4.448209, 51.908607], [4.448136, 51.909228], [4.44824, 51.90944], [4.448649, 51.909633], [4.44921, 51.90944], [4.44884, 51.908838], [4.448684, 51.90527], [4.448788, 51.906258], [4.450868, 51.9062], [4.451235, 51.906107], [4.451693, 51.905609], [4.452069, 51.905538], [4.4525, 51.905633], [4.451839, 51.906386], [4.451942, 51.906529], [4.452747, 51.906826], [4.452497, 51.907236], [4.452552, 51.907422], [4.450679, 51.90773], [4.450117, 51.908182], [4.450159, 51.90859], [4.449527, 51.909543], [4.45337, 51.911737], [4.454161, 51.912001], [4.454709, 51.91352], [4.455416, 51.913744], [4.456382, 51.913773], [4.459904, 51.914237], [4.460049, 51.914572], [4.463383, 51.915019], [4.463386, 51.915416], [4.46639, 51.916285], [4.466742, 51.916285], [4.466856, 51.916779], [4.467326, 51.916807], [4.467691, 51.917133]]}, "properties": {}}, {"type": "Feature", "geometry": {"type": "LineString", "coordinates": [[4.455932, 51.914922], [4.456503, 51.912035], [4.457491, 51.910108], [4.457815, 51.909949], [4.457965, 51.909549], [4.458263, 51.909269], [4.458553, 51.909201], [4.460611, 51.909723], [4.462474, 51.909372], [4.463022, 51.909444], [4.463189, 51.909382], [4.463784, 51.908572], [4.463659, 51.908251], [4.463819, 51.907961], [4.464215, 51.907377], [4.464938, 51.906695], [4.464999, 51.906409], [4.466405, 51.904291], [4.466526, 51.904159], [4.467101, 51.904139], [4.467732, 51.903199], [4.468601, 51.903059], [4.468645, 51.903554], [4.47007, 51.90385], [4.470781, 51.903848], [4.471704, 51.904038], [4.472888, 51.904419], [4.473866, 51.904983], [4.473675, 51.905852], [4.47342, 51.906131], [4.472937, 51.906213], [4.472332, 51.906762], [4.47242, 51.90739], [4.471589, 51.907261], [4.471048, 51.9075], [4.470573, 51.908066], [4.470539, 51.908688], [4.470265, 51.908707], [4.469108, 51.908247], [4.468741, 51.908231], [4.468409, 51.907844], [4.467692, 51.907591], [4.4679, 51.906882], [4.468417, 51.906276], [4.468576, 51.905659], [4.468295, 51.905105], [4.468494, 51.904551], [4.469064, 51.903737], [4.469441, 51.903682], [4.4707, 51.903812], [4.471753, 51.904062], [4.472965, 51.904433], [4.473872, 51.90498], [4.473627, 51.90591], [4.473358, 51.906159], [4.473067, 51.906137], [4.47284, 51.906255], [4.472342, 51.906707], [4.47244, 51.907382], [4.471614, 51.90727], [4.470945, 51.907565], [4.470665, 51.907868], [4.470456, 51.90875], [4.469144, 51.90825], [4.46875, 51.908246], [4.468459, 51.907885], [4.467675, 51.907573], [4.467893, 51.906906], [4.468406, 51.906299], [4.468606, 51.905599], [4.468265, 51.905163], [4.46905, 51.903717], [4.471657, 51.90404], [4.472977, 51.904454], [4.473868, 51.904997], [4.473692, 51.905822], [4.473464, 51.906117], [4.47305, 51.906156], [4.472491, 51.906535], [4.472317, 51.90684], [4.472387, 51.9072], [4.472233, 51.907315], [4.471535, 51.907289], [4.470953, 51.90755], [4.470583, 51.908082], [4.470569, 51.908648], [4.470307, 51.908709], [4.469142, 51.908252], [4.468702, 51.908205], [4.468454, 51.907876], [4.467676, 51.907583], [4.468037, 51.906697], [4.467437, 51.906155], [4.468582, 51.903623], [4.468959, 51.903579], [4.470599, 51.903808], [4.470838, 51.904002], [4.470289, 51.905177], [4.469743, 51.904994], [4.469606, 51.905392], [4.469047, 51.905783], [4.46909, 51.905931], [4.469438, 51.906104], [4.469435, 51.906304], [4.469054, 51.906485], [4.468872, 51.906768], [4.468159, 51.906688], [4.467427, 51.907135], [4.467223, 51.907425], [4.467303, 51.907709], [4.467042, 51.907869], [4.465727, 51.907433], [4.465283, 51.906901], [4.465019, 51.906806], [4.464694, 51.90686], [4.464065, 51.907865], [4.463703, 51.908166], [4.463767, 51.908501], [4.463559, 51.908841], [4.463203, 51.909369], [4.462965, 51.909486], [4.460465, 51.909995], [4.45946, 51.910542], [4.457469, 51.910078], [4.456639, 51.911704], [4.456692, 51.911981], [4.456289, 51.912884], [4.45588, 51.914819]]}, "properties": {}}, {"type": "Feature", "geometry": {"type": "LineString", "coordinates": [[4.455839, 51.914679], [4.455852, 51.914181], [4.45614, 51.9137], [4.456496, 51.912025], [4.457523, 51.910083], [4.457876, 51.909854], [4.457858, 51.909615], [4.457626, 51.909503], [4.458654, 51.909202], [4.460736, 51.909722], [4.462999, 51.909261], [4.464208, 51.907429], [4.464962, 51.906713], [4.46501, 51.906385], [4.466467, 51.90424], [4.466621, 51.904143], [4.467089, 51.904144], [4.467744, 51.903357], [4.468532, 51.903182], [4.468644, 51.903539], [4.471702, 51.904031], [4.472925, 51.904436], [4.473562, 51.904848], [4.473952, 51.904942], [4.474551, 51.904874], [4.475097, 51.904945], [4.477123, 51.905551], [4.478806, 51.906336], [4.477786, 51.908242], [4.478825, 51.908555], [4.479437, 51.907584], [4.480599, 51.907644], [4.481322, 51.908147], [4.482972, 51.909761], [4.483275, 51.910145], [4.483359, 51.910649], [4.483584, 51.910849], [4.482999, 51.911968], [4.48307, 51.912263], [4.48458, 51.912408], [4.485622, 51.912964], [4.488069, 51.914515], [4.491482, 51.916867], [4.491594, 51.91706], [4.492367, 51.917455], [4.494797, 51.918489], [4.495352, 51.918566], [4.496622, 51.919183], [4.498849, 51.91995], [4.498712, 51.920301], [4.497832, 51.921346], [4.497954, 51.921634], [4.497346, 51.92271], [4.496245, 51.923943], [4.496179, 51.925078], [4.496311, 51.925921], [4.497046, 51.926241], [4.497777, 51.926257], [4.497981, 51.928069], [4.497794, 51.928647], [4.498615, 51.929379], [4.500538, 51.931826], [4.500767, 51.932], [4.501935, 51.932396], [4.502925, 51.933587], [4.503403, 51.933608], [4.503796, 51.934449], [4.504372, 51.935025], [4.505382, 51.935098], [4.505571, 51.935199], [4.506569, 51.936757], [4.50644, 51.936936], [4.505502, 51.936993], [4.505625, 51.937435], [4.505839, 51.937677], [4.506523, 51.93804], [4.507728, 51.940485], [4.513303, 51.942377], [4.514025, 51.942548], [4.515264, 51.942594], [4.515997, 51.942404], [4.516808, 51.941794], [4.517077, 51.940855], [4.517286, 51.94068], [4.517313, 51.940149], [4.519391, 51.939615], [4.519755, 51.939626], [4.520938, 51.939258], [4.521009, 51.939066], [4.522007, 51.938734], [4.522706, 51.938882], [4.523177, 51.939485], [4.524109, 51.939369], [4.524194, 51.939], [4.524749, 51.938249], [4.525513, 51.938022], [4.521129, 51.931129], [4.520644, 51.930998], [4.51988, 51.930282], [4.517942, 51.930217], [4.517104, 51.92974], [4.516684, 51.929954], [4.51648, 51.929951], [4.516327, 51.929547], [4.515577, 51.929406], [4.515444, 51.929503], [4.515659, 51.930497], [4.514865, 51.930282], [4.51492, 51.92985], [4.514671, 51.929714], [4.51408, 51.9301], [4.514246, 51.93042], [4.514102, 51.930602], [4.512668, 51.931191], [4.51231, 51.931654], [4.511397, 51.931336], [4.511087, 51.931395], [4.511183, 51.932155], [4.511033, 51.932345], [4.508736, 51.932711], [4.50817, 51.932429], [4.508264, 51.932323], [4.503523, 51.933837], [4.503704, 51.934261], [4.504337, 51.935001], [4.505501, 51.935146], [4.506578, 51.936731], [4.506473, 51.936927], [4.505579, 51.93696], [4.505513, 51.937102], [4.505094, 51.936055], [4.503544, 51.933938], [4.503099, 51.933841], [4.501927, 51.93236], [4.500887, 51.932025], [4.500552, 51.931789], [4.49855, 51.929111], [4.497864, 51.928674], [4.497988, 51.92765], [4.497763, 51.926182], [4.497481, 51.926058], [4.496594, 51.926049], [4.496335, 51.925905], [4.496245, 51.924029], [4.49741, 51.922675], [4.497398, 51.92245], [4.49799, 51.921699], [4.497803, 51.921493], [4.498733, 51.920309], [4.498857, 51.919946], [4.496836, 51.919278], [4.495488, 51.918636], [4.494922, 51.918504], [4.494301, 51.918159], [4.4914, 51.917046], [4.491199, 51.916677], [4.486277, 51.913319], [4.484669, 51.912464], [4.483076, 51.912271], [4.483082, 51.911658], [4.483548, 51.910891], [4.483365, 51.91034], [4.482722, 51.909509], [4.480722, 51.907679], [4.479433, 51.907565], [4.478969, 51.908434], [4.478757, 51.908555], [4.477872, 51.908276], [4.478827, 51.906413], [4.478701, 51.906232], [4.477564, 51.905723], [4.477079, 51.905658], [4.474569, 51.904689], [4.47421, 51.904942], [4.473833, 51.904937], [4.472969, 51.904445], [4.471733, 51.904053], [4.470874, 51.90386], [4.470281, 51.90388], [4.469192, 51.90368], [4.468516, 51.904535], [4.468283, 51.905106], [4.4683, 51.905326], [4.468598, 51.905591], [4.468429, 51.906258], [4.468006, 51.906798], [4.467332, 51.907232], [4.467287, 51.907748], [4.467003, 51.907877], [4.466757, 51.907719], [4.4658, 51.907464], [4.465353, 51.906926], [4.464957, 51.906816], [4.46424, 51.907382], [4.463597, 51.908388]]}, "properties": {}}, {"type": "Feature", "geometry": {"type": "LineString", "coordinates": [[4.455736, 51.914772], [4.456687, 51.911597], [4.457513, 51.910084], [4.458002, 51.909793], [4.457931, 51.909677], [4.458179, 51.909343], [4.458664, 51.909211], [4.460698, 51.909728], [4.463016, 51.909249], [4.463912, 51.908037], [4.46415, 51.907481], [4.464968, 51.906693], [4.465023, 51.906376], [4.466377, 51.904307], [4.466573, 51.904137], [4.467086, 51.904145], [4.467781, 51.90318], [4.468586, 51.903068], [4.468664, 51.903559], [4.470113, 51.903794], [4.470283, 51.903688], [4.470218, 51.903792], [4.471625, 51.904047], [4.472897, 51.904414], [4.473895, 51.905038], [4.473611, 51.905931], [4.473364, 51.906166], [4.473028, 51.906173], [4.472698, 51.906358], [4.472372, 51.906702], [4.472377, 51.907815], [4.471493, 51.909017], [4.471206, 51.909037], [4.469121, 51.908243], [4.468696, 51.908232], [4.468434, 51.907883], [4.467783, 51.907667], [4.467684, 51.907525], [4.467912, 51.906893], [4.468411, 51.906269], [4.468598, 51.90566], [4.468272, 51.905235], [4.468488, 51.904571], [4.469112, 51.903714], [4.47046, 51.903921], [4.470832, 51.903872], [4.471754, 51.904081], [4.472927, 51.904434], [4.473889, 51.905064], [4.473627, 51.905931], [4.473328, 51.90615], [4.472943, 51.906196], [4.472357, 51.906745], [4.472449, 51.907354], [4.471606, 51.907266], [4.471093, 51.907475], [4.470645, 51.90797], [4.470564, 51.908691], [4.470195, 51.908683], [4.469179, 51.908265], [4.468743, 51.908245], [4.468434, 51.907888], [4.467683, 51.907585], [4.46791, 51.906891], [4.468325, 51.906468], [4.4686, 51.905639], [4.468266, 51.905165], [4.469054, 51.90373], [4.470863, 51.903872], [4.472942, 51.904436], [4.47388, 51.905009], [4.473673, 51.905858], [4.473377, 51.906175], [4.472973, 51.906194], [4.472391, 51.906668], [4.472291, 51.90696], [4.472441, 51.907368], [4.471594, 51.907262], [4.470917, 51.907595], [4.470623, 51.908021], [4.470513, 51.908733], [4.469143, 51.908255], [4.46875, 51.908239], [4.468391, 51.907862], [4.467671, 51.907586], [4.468047, 51.906731], [4.467435, 51.906195], [4.468609, 51.903599], [4.469134, 51.903605], [4.471619, 51.904026], [4.472862, 51.904399], [4.47383, 51.904929], [4.473666, 51.905783], [4.473446, 51.906128], [4.472833, 51.906252], [4.472352, 51.906742], [4.472457, 51.907395], [4.471595, 51.907259], [4.471051, 51.907496], [4.470646, 51.907986], [4.470554, 51.90869], [4.470274, 51.908694], [4.469613, 51.907918], [4.469438, 51.907421], [4.469584, 51.906983], [4.47023, 51.906506], [4.470577, 51.906309], [4.470766, 51.906327], [4.47136, 51.906741], [4.471492, 51.907142], [4.470665, 51.907902], [4.470607, 51.90856], [4.470429, 51.908731], [4.469042, 51.908231], [4.467742, 51.908113], [4.467202, 51.907835], [4.466971, 51.907855], [4.465823, 51.907485], [4.465279, 51.90691], [4.464815, 51.906832], [4.464214, 51.907402], [4.463647, 51.908235], [4.463756, 51.908524], [4.463111, 51.909416], [4.46046, 51.910016], [4.459328, 51.910591], [4.45746, 51.91008], [4.456536, 51.912017]]}, "properties": {}}, {"type": "Feature", "geometry": {"type": "LineString", "coordinates": [[4.455778, 51.914746], [4.456283, 51.912759], [4.456479, 51.912528], [4.456427, 51.912121], [4.45739, 51.910278], [4.457832, 51.909933], [4.457891, 51.909687], [4.458016, 51.909741], [4.457882, 51.909601], [4.458201, 51.909399], [4.458144, 51.909335], [4.458678, 51.909209], [4.460634, 51.909707], [4.462986, 51.909255], [4.464215, 51.907414], [4.464656, 51.906859], [4.464966, 51.90669], [4.465012, 51.90639], [4.466906, 51.903613], [4.467694, 51.903008], [4.468674, 51.902898], [4.469037, 51.903587], [4.47169, 51.904026], [4.472887, 51.904397], [4.473386, 51.904758], [4.473824, 51.904913], [4.474651, 51.904833], [4.475444, 51.905024], [4.47693, 51.905625], [4.477326, 51.905664], [4.478782, 51.906328], [4.477768, 51.908254], [4.478793, 51.908545], [4.479429, 51.907577], [4.480673, 51.907714], [4.481819, 51.908645], [4.482266, 51.909186], [4.482766, 51.909472], [4.483299, 51.910145], [4.483591, 51.910826], [4.483172, 51.911416], [4.48304, 51.912249], [4.484625, 51.912437], [4.485544, 51.912927], [4.487919, 51.914443], [4.489834, 51.915958], [4.491296, 51.916887], [4.491346, 51.917203], [4.488547, 51.919152], [4.488127, 51.919773], [4.488037, 51.92054], [4.487608, 51.921064], [4.485849, 51.922243], [4.484418, 51.922952], [4.48197, 51.921844], [4.479504, 51.921174], [4.479206, 51.921204], [4.478646, 51.922264], [4.478272, 51.922386], [4.476862, 51.922114], [4.475894, 51.922048], [4.475109, 51.921785], [4.472811, 51.921483], [4.472162, 51.921294], [4.47164, 51.920958], [4.470242, 51.92056], [4.470652, 51.918817], [4.470283, 51.918322], [4.468646, 51.918095], [4.468352, 51.917861], [4.467694, 51.917837], [4.467488, 51.917091], [4.46574, 51.917137], [4.465339, 51.917227], [4.4651, 51.915959], [4.464849, 51.915793], [4.463393, 51.915445], [4.463456, 51.91503], [4.455953, 51.913996], [4.455755, 51.914379], [4.455677, 51.915586], [4.455387, 51.915651], [4.455023, 51.915588], [4.455129, 51.913788], [4.454678, 51.9135], [4.454276, 51.912694], [4.454339, 51.91228], [4.454106, 51.911909], [4.454923, 51.910055]]}, "properties": {}}, {"type": "Feature", "geometry": {"type": "LineString", "coordinates": [[4.455806, 51.914746], [4.456398, 51.912277], [4.457127, 51.910733], [4.457855, 51.909884], [4.458011, 51.90926], [4.458645, 51.909184], [4.460687, 51.909701], [4.463016, 51.909226], [4.463684, 51.908381], [4.46419, 51.907431], [4.464988, 51.906667], [4.465012, 51.906382], [4.466757, 51.903752], [4.467196, 51.903452], [4.467754, 51.90278], [4.467753, 51.902539], [4.468817, 51.902501], [4.470757, 51.903003], [4.474401, 51.904308], [4.474378, 51.904531], [4.474927, 51.904866], [4.4757, 51.905004], [4.477154, 51.905532], [4.478788, 51.906295], [4.477807, 51.908223], [4.478138, 51.9084], [4.478778, 51.90852], [4.479461, 51.907531], [4.479991, 51.907628], [4.48054, 51.90759], [4.480802, 51.907691], [4.482426, 51.909078], [4.483602, 51.910586], [4.48304, 51.911889], [4.483059, 51.912241], [4.484631, 51.912424], [4.48633, 51.913331], [4.488929, 51.915131], [4.491244, 51.917204], [4.489816, 51.918249], [4.489605, 51.918689], [4.488667, 51.919161], [4.488201, 51.919707], [4.487936, 51.919813], [4.486507, 51.919663], [4.485512, 51.919361], [4.485181, 51.919394], [4.484313, 51.919203], [4.483602, 51.919326], [4.483257, 51.919193], [4.482378, 51.919094], [4.480134, 51.919175], [4.479581, 51.920672], [4.478042, 51.92343], [4.475865, 51.922465], [4.474374, 51.922353], [4.474064, 51.922187], [4.473957, 51.921847], [4.473767, 51.921742], [4.471511, 51.921283], [4.470065, 51.920609], [4.470116, 51.920275], [4.470454, 51.920078], [4.47067, 51.91881], [4.470314, 51.918318], [4.469596, 51.918159], [4.468683, 51.918133], [4.46842, 51.917852], [4.467722, 51.917836], [4.467553, 51.917107], [4.467104, 51.917109], [4.466912, 51.916997], [4.466823, 51.916262], [4.466444, 51.916275], [4.463376, 51.915439], [4.463636, 51.914952], [4.46297, 51.914959], [4.455303, 51.913859], [4.455043, 51.91465], [4.454918, 51.916997], [4.455048, 51.917181], [4.455479, 51.917275], [4.455666, 51.916801], [4.455716, 51.915324]]}, "properties": {}}, {"type": "Feature", "geometry": {"type": "LineString", "coordinates": [[4.459358, 51.914969], [4.455958, 51.914826], [4.455943, 51.914246], [4.45616, 51.913925], [4.456329, 51.91266], [4.456542, 51.912543], [4.45662, 51.911973], [4.457541, 51.910233], [4.458203, 51.909338], [4.458725, 51.909252], [4.460733, 51.909729], [4.463004, 51.90929], [4.464671, 51.906914], [4.464929, 51.906803], [4.465447, 51.906861], [4.466295, 51.905409], [4.466679, 51.905078], [4.466729, 51.904724], [4.467629, 51.903331], [4.468007, 51.903137], [4.468571, 51.903067], [4.468669, 51.903573], [4.471793, 51.904092], [4.472915, 51.904444], [4.473907, 51.904994], [4.473699, 51.905913], [4.473442, 51.906163], [4.472939, 51.906179], [4.47232, 51.906778], [4.472455, 51.908072], [4.471712, 51.909215], [4.469134, 51.908246], [4.468743, 51.908227], [4.468198, 51.907758], [4.467466, 51.907668], [4.467249, 51.907546], [4.46735, 51.90724], [4.467937, 51.906911], [4.46842, 51.90632], [4.468623, 51.905634], [4.468322, 51.905201], [4.46853, 51.904555], [4.469093, 51.903735], [4.469315, 51.903684], [4.471643, 51.904058], [4.472915, 51.90444], [4.47385, 51.904963], [4.473601, 51.905956], [4.473402, 51.906151], [4.473087, 51.906138], [4.472869, 51.906252], [4.472423, 51.906666], [4.4723, 51.907058], [4.471682, 51.907287], [4.472262, 51.907365], [4.472462, 51.907983], [4.471655, 51.909209], [4.469122, 51.908233], [4.468737, 51.908224], [4.468483, 51.907883], [4.467727, 51.907625], [4.467727, 51.907353], [4.468453, 51.906284], [4.468627, 51.905648], [4.468303, 51.905181], [4.468514, 51.904563], [4.468788, 51.904317], [4.469102, 51.903675], [4.469242, 51.90365], [4.471668, 51.90404], [4.472884, 51.904415], [4.473361, 51.904753], [4.473839, 51.904919], [4.47365, 51.905896], [4.473386, 51.906165], [4.472882, 51.90624], [4.472365, 51.90675], [4.472446, 51.907361], [4.472287, 51.907538], [4.472459, 51.908026], [4.47171, 51.909216], [4.46916, 51.908258], [4.468746, 51.908236], [4.468452, 51.907892], [4.46771, 51.907604], [4.467914, 51.906915], [4.468334, 51.906441], [4.468609, 51.905644], [4.468294, 51.905139], [4.468517, 51.90454], [4.469153, 51.903633], [4.471447, 51.903987], [4.471692, 51.904072], [4.471822, 51.904347], [4.47167, 51.90479], [4.470666, 51.905625], [4.470178, 51.905962], [4.469543, 51.906086], [4.469397, 51.90632], [4.469064, 51.906477], [4.468867, 51.907102], [4.46904, 51.907236], [4.469437, 51.907285], [4.469412, 51.907455], [4.468661, 51.907719], [4.46755, 51.90766], [4.467006, 51.907854], [4.465764, 51.907441], [4.465345, 51.90693], [4.464805, 51.90681], [4.463668, 51.908193], [4.463759, 51.908522], [4.463183, 51.909407], [4.460498, 51.909997], [4.45945, 51.910529], [4.457688, 51.910088], [4.456473, 51.912287], [4.456306, 51.912438], [4.456031, 51.912389]]}, "properties": {}}, {"type": "Feature", "geometry": {"type": "LineString", "coordinates": [[4.455751, 51.914812], [4.455895, 51.913875], [4.456112, 51.913619], [4.456458, 51.91254], [4.456463, 51.912056], [4.457152, 51.910682], [4.457451, 51.910544], [4.45789, 51.909847], [4.457914, 51.90944], [4.458312, 51.909232], [4.458652, 51.909215], [4.460801, 51.909722], [4.463016, 51.909243], [4.464169, 51.907454], [4.464944, 51.906703], [4.464977, 51.906428], [4.467404, 51.902758], [4.467824, 51.902522], [4.469076, 51.902558], [4.470779, 51.903028], [4.474364, 51.904305], [4.474483, 51.904389], [4.474382, 51.904559], [4.47485, 51.904854], [4.475416, 51.904954], [4.476752, 51.905506], [4.477208, 51.905584], [4.478783, 51.906296], [4.477807, 51.908262], [4.478852, 51.908546], [4.479423, 51.907592], [4.480648, 51.907671], [4.482584, 51.909265], [4.48355, 51.910646], [4.483007, 51.912251], [4.484609, 51.912458], [4.486248, 51.913326], [4.484776, 51.912516], [4.483041, 51.912285], [4.483203, 51.911446], [4.483574, 51.910858], [4.483382, 51.910373], [4.482699, 51.909412], [4.480609, 51.907659], [4.47946, 51.90758], [4.478959, 51.908483], [4.478626, 51.908553], [4.477099, 51.907957], [4.473597, 51.90689], [4.473126, 51.907102], [4.47289, 51.907479], [4.472339, 51.907428], [4.472454, 51.908042], [4.471671, 51.909233], [4.46965, 51.908504], [4.468965, 51.908101], [4.467798, 51.907681], [4.467682, 51.907496], [4.467889, 51.906932], [4.468356, 51.906415], [4.468625, 51.905615], [4.468318, 51.905273], [4.468895, 51.905208], [4.469063, 51.905062], [4.468991, 51.904813], [4.468512, 51.904655], [4.4685, 51.904536], [4.468977, 51.903955], [4.469307, 51.903865], [4.469985, 51.90415], [4.46965, 51.904667], [4.469561, 51.905419], [4.469107, 51.905711], [4.469066, 51.905903], [4.469415, 51.906081], [4.470072, 51.906045], [4.470567, 51.906218], [4.471175, 51.906628], [4.471471, 51.90711], [4.47145, 51.907283], [4.47072, 51.907844], [4.470529, 51.90871], [4.469653, 51.908503], [4.468166, 51.907748], [4.467472, 51.907678], [4.467024, 51.90788], [4.465835, 51.907493], [4.465293, 51.906905], [4.464772, 51.90682], [4.464252, 51.907356], [4.463715, 51.908135], [4.463698, 51.908405], [4.463564, 51.90841], [4.463022, 51.909245], [4.460688, 51.909733], [4.459925, 51.910093], [4.459908, 51.910275], [4.459352, 51.910585], [4.457661, 51.910113], [4.456481, 51.912408], [4.456036, 51.914057]]}, "properties": {}}, {"type": "Feature", "geometry": {"type": "LineString", "coordinates": [[4.459406, 51.914929], [4.457534, 51.914976], [4.455911, 51.914812], [4.456341, 51.912632], [4.4576, 51.910144], [4.457867, 51.90982], [4.45838, 51.909512], [4.45826, 51.909362], [4.458839, 51.909245], [4.460741, 51.909721], [4.46298, 51.909275], [4.463687, 51.908395], [4.464144, 51.907494], [4.464637, 51.906913], [4.46484, 51.906852], [4.465293, 51.906875], [4.465837, 51.907488], [4.467162, 51.907794], [4.467565, 51.907671], [4.468443, 51.907756], [4.469409, 51.907469], [4.469702, 51.90694], [4.470324, 51.906444], [4.470703, 51.906289], [4.471269, 51.906699], [4.471649, 51.907301], [4.472421, 51.907386], [4.472364, 51.906712], [4.472939, 51.906213], [4.473466, 51.906178], [4.473845, 51.905152], [4.474389, 51.904867], [4.474765, 51.904839], [4.475776, 51.905083], [4.476783, 51.90551], [4.477211, 51.905586], [4.478781, 51.906332], [4.477801, 51.908256], [4.478769, 51.908571], [4.479463, 51.907544], [4.480755, 51.907756], [4.481892, 51.908615], [4.483021, 51.909884], [4.483303, 51.910357], [4.483305, 51.910671], [4.483112, 51.910829], [4.483991, 51.91033], [4.490314, 51.907898], [4.490891, 51.907979], [4.492514, 51.908628], [4.4937, 51.908554], [4.496469, 51.910944], [4.498423, 51.912147], [4.49796, 51.912655], [4.496175, 51.913808], [4.495989, 51.913994], [4.496027, 51.914281], [4.495497, 51.914722], [4.495942, 51.915124], [4.49701, 51.915664], [4.497141, 51.91569], [4.497412, 51.915519], [4.497407, 51.915593], [4.494338, 51.918181], [4.493973, 51.918195], [4.493793, 51.918351], [4.494083, 51.918533], [4.495449, 51.918578], [4.497162, 51.918951], [4.499154, 51.919414], [4.499453, 51.919635], [4.499297, 51.920231], [4.498949, 51.920424], [4.498217, 51.921294], [4.497158, 51.922968], [4.496288, 51.923917], [4.496169, 51.92439], [4.49636, 51.925961], [4.497792, 51.926292], [4.498006, 51.928076], [4.497811, 51.928725], [4.498359, 51.929051], [4.500585, 51.931882], [4.501967, 51.932437], [4.502932, 51.933573], [4.503017, 51.933838], [4.503478, 51.933899], [4.504355, 51.93501], [4.505308, 51.935063], [4.505525, 51.935163], [4.506569, 51.936825], [4.506407, 51.936944], [4.505467, 51.936999], [4.505567, 51.937368], [4.505816, 51.937663], [4.506503, 51.938047], [4.507676, 51.94044], [4.51264, 51.942072], [4.513281, 51.942365], [4.51341, 51.94202], [4.513963, 51.941998], [4.514512, 51.941822], [4.51489, 51.941879], [4.515436, 51.941507], [4.51532, 51.941697], [4.514762, 51.941887], [4.514705, 51.942042], [4.514109, 51.94216], [4.513508, 51.941981], [4.513304, 51.942155], [4.513312, 51.942344], [4.51371, 51.942462], [4.515247, 51.942588], [4.515995, 51.94242], [4.516775, 51.941825], [4.517059, 51.940885], [4.517284, 51.940661], [4.517272, 51.940182], [4.519369, 51.939641], [4.51975, 51.939649], [4.522081, 51.938904], [4.522762, 51.939056], [4.523126, 51.939471], [4.52393, 51.939435], [4.524728, 51.938259], [4.525505, 51.938078], [4.525425, 51.937892], [4.525195, 51.937902], [4.525047, 51.93774], [4.522025, 51.93332], [4.522339, 51.933092], [4.522308, 51.932974], [4.521091, 51.931101], [4.520647, 51.930992], [4.519837, 51.930282], [4.518006, 51.930247], [4.51685, 51.92962], [4.515461, 51.929395], [4.515656, 51.930497], [4.514871, 51.9303], [4.514904, 51.929863], [4.514664, 51.929702], [4.514066, 51.930096], [4.514243, 51.930387], [4.514073, 51.930626], [4.512713, 51.931156], [4.512298, 51.931644], [4.512079, 51.931654], [4.511314, 51.931306], [4.511081, 51.93135], [4.511189, 51.932176], [4.510928, 51.932379], [4.508768, 51.932695], [4.508478, 51.932647], [4.50815, 51.932423], [4.504709, 51.933361], [4.503298, 51.933892], [4.503027, 51.933854], [4.502985, 51.933622], [4.501998, 51.932468], [4.500902, 51.932056], [4.500509, 51.931785], [4.498346, 51.929056], [4.497859, 51.928762], [4.497991, 51.928075], [4.497734, 51.926181], [4.497447, 51.926049], [4.496532, 51.926025], [4.496322, 51.925883], [4.496215, 51.924], [4.496775, 51.923275], [4.497263, 51.92293], [4.497389, 51.922462], [4.498524, 51.92093], [4.498608, 51.920626], [4.499169, 51.920337], [4.499373, 51.919623], [4.498716, 51.919299], [4.49502, 51.918558], [4.492431, 51.91745], [4.491459, 51.916985], [4.491235, 51.916701], [4.486893, 51.913767]]}, "properties": {}}, {"type": "Feature", "geometry": {"type": "LineString", "coordinates": [[4.459014, 51.914958], [4.457262, 51.91497], [4.455918, 51.914812], [4.45613, 51.913496], [4.45662, 51.912014], [4.457629, 51.910121], [4.458254, 51.909245], [4.458821, 51.909244], [4.460655, 51.909727], [4.462271, 51.909401], [4.46312, 51.909436], [4.463719, 51.908537], [4.463656, 51.908257], [4.464157, 51.907438], [4.464671, 51.906843], [4.465382, 51.906855], [4.466311, 51.905333], [4.466635, 51.90508], [4.466681, 51.904752], [4.467626, 51.903253], [4.468598, 51.903042], [4.468635, 51.903568], [4.47173, 51.904069], [4.472843, 51.904415], [4.473878, 51.904988], [4.473681, 51.905808], [4.473452, 51.906113], [4.472905, 51.906231], [4.472362, 51.906718], [4.472305, 51.907039], [4.472506, 51.907405], [4.472305, 51.907509], [4.472445, 51.908045], [4.47165, 51.90923], [4.469704, 51.9085], [4.468299, 51.907823], [4.467657, 51.90765], [4.467881, 51.906908], [4.468383, 51.906344], [4.468586, 51.905651], [4.468272, 51.905214], [4.4685, 51.904521], [4.468765, 51.904325], [4.469063, 51.903743], [4.469702, 51.903765], [4.471779, 51.904099], [4.472733, 51.904367], [4.473861, 51.904983], [4.473648, 51.905928], [4.473399, 51.906168], [4.47292, 51.906226], [4.472344, 51.9068], [4.47243, 51.908046], [4.47163, 51.909234], [4.46949, 51.908455], [4.468964, 51.908108], [4.467683, 51.907621], [4.467862, 51.90693], [4.46839, 51.906309], [4.468583, 51.905648], [4.468265, 51.905195], [4.468469, 51.904576], [4.469174, 51.903712], [4.470725, 51.90391], [4.47139, 51.904093], [4.471783, 51.904083], [4.472792, 51.904356], [4.47338, 51.904775], [4.473854, 51.904947], [4.473704, 51.905834], [4.473477, 51.906118], [4.472905, 51.906269], [4.472411, 51.906663], [4.472277, 51.907057], [4.471684, 51.907308], [4.472323, 51.907418], [4.472446, 51.908015], [4.471761, 51.9092], [4.469635, 51.908495], [4.468083, 51.907755], [4.467558, 51.907691], [4.467143, 51.907797], [4.465826, 51.907493], [4.465245, 51.906904], [4.464708, 51.906856], [4.463633, 51.908278], [4.463734, 51.908548], [4.46313, 51.909427], [4.462314, 51.909406], [4.460614, 51.909703], [4.45926, 51.909365], [4.458231, 51.909314], [4.45779, 51.909386], [4.457771, 51.909961], [4.456222, 51.912864], [4.45592, 51.914822]]}, "properties": {}}, {"type": "Feature", "geometry": {"type": "LineString", "coordinates": [[4.459011, 51.91501], [4.456016, 51.914846], [4.455685, 51.915048], [4.455482, 51.917563], [4.455707, 51.91822], [4.455932, 51.92121], [4.455799, 51.921292], [4.455429, 51.921249], [4.455282, 51.921447], [4.455349, 51.922175], [4.454803, 51.923995], [4.454892, 51.924275], [4.454636, 51.925483], [4.454337, 51.926076], [4.45493, 51.928597], [4.454864, 51.928789], [4.455231, 51.928983], [4.455153, 51.929405], [4.455622, 51.92961], [4.455135, 51.929944], [4.453963, 51.931301], [4.453181, 51.93272], [4.45302, 51.932772], [4.452164, 51.932614], [4.451443, 51.932134], [4.451487, 51.931693], [4.451318, 51.931421], [4.451413, 51.931275], [4.451893, 51.931126], [4.45158, 51.929503], [4.452055, 51.929469], [4.452214, 51.929584], [4.452444, 51.930504], [4.453159, 51.930946], [4.452978, 51.931487], [4.453102, 51.931362], [4.454009, 51.931447], [4.46006, 51.933341], [4.460311, 51.933212], [4.461335, 51.932061], [4.46161, 51.93197], [4.462246, 51.932169], [4.46225, 51.932356], [4.461748, 51.932881], [4.46186, 51.933031], [4.461225, 51.933685], [4.460227, 51.933458], [4.459923, 51.933281], [4.458879, 51.933021], [4.458604, 51.932841], [4.460711, 51.930463], [4.460578, 51.93045], [4.460774, 51.930295], [4.460721, 51.929149], [4.464132, 51.929109], [4.464856, 51.929508], [4.466864, 51.928693], [4.468234, 51.926324], [4.468664, 51.925927], [4.468466, 51.925782], [4.468342, 51.925375], [4.468839, 51.924278], [4.468805, 51.923925], [4.469143, 51.923918], [4.47001, 51.923368], [4.470083, 51.923172], [4.470747, 51.922687], [4.471119, 51.922124], [4.471614, 51.920528], [4.471839, 51.918555], [4.472204, 51.917619], [4.473319, 51.916553], [4.474387, 51.915221], [4.47426, 51.914891], [4.472724, 51.914498], [4.470913, 51.914189], [4.469797, 51.913777], [4.468657, 51.914165], [4.466253, 51.914616], [4.463805, 51.914795], [4.46285, 51.914697], [4.46225, 51.914503], [4.457237, 51.913853], [4.455438, 51.913759], [4.454709, 51.913501], [4.454379, 51.9124]]}, "properties": {}}, {"type": "Feature", "geometry": {"type": "LineString", "coordinates": [[4.459053, 51.915008], [4.456447, 51.915031], [4.455779, 51.914727], [4.456268, 51.912541], [4.457855, 51.909883], [4.457924, 51.909672], [4.457634, 51.909741], [4.458594, 51.909204], [4.460709, 51.909735], [4.463012, 51.909246], [4.464696, 51.906829], [4.464852, 51.906753], [4.465421, 51.906866], [4.46635, 51.90533], [4.466676, 51.905071], [4.466695, 51.904778], [4.467638, 51.903277], [4.468134, 51.903084], [4.468711, 51.903063], [4.468975, 51.902822], [4.469458, 51.902655], [4.470788, 51.90302], [4.474093, 51.904232], [4.474468, 51.904388], [4.474389, 51.904574], [4.474924, 51.904903], [4.475774, 51.905074], [4.476905, 51.905567], [4.47718, 51.905588], [4.478811, 51.906334], [4.477809, 51.908244], [4.478793, 51.908557], [4.479491, 51.907558], [4.480479, 51.907638], [4.480678, 51.907742], [4.481889, 51.908702], [4.482317, 51.9093], [4.483193, 51.910024], [4.48367, 51.910636], [4.483251, 51.911282], [4.483017, 51.91226], [4.484785, 51.912516], [4.486231, 51.913301], [4.48831, 51.914823], [4.491369, 51.91677], [4.491583, 51.917044], [4.491856, 51.917051], [4.491883, 51.917274], [4.492036, 51.917253], [4.49399, 51.918085], [4.49457, 51.918423], [4.499174, 51.919389], [4.499487, 51.919638], [4.499569, 51.920151], [4.500053, 51.920211], [4.500431, 51.919559], [4.500128, 51.920166], [4.500856, 51.920123], [4.507333, 51.918732], [4.509997, 51.917983], [4.513749, 51.916439], [4.513887, 51.916235], [4.516027, 51.914717], [4.517348, 51.91343], [4.517643, 51.913509], [4.518195, 51.914394], [4.519159, 51.914283], [4.519909, 51.91446], [4.519643, 51.914703], [4.518791, 51.914982], [4.51843, 51.915288], [4.517256, 51.915239], [4.517064, 51.915644], [4.515902, 51.915652], [4.514454, 51.915982], [4.513937, 51.916357], [4.511479, 51.917447], [4.508766, 51.918372], [4.501207, 51.920096], [4.500026, 51.920197], [4.499614, 51.920145], [4.499459, 51.920025], [4.499348, 51.919437], [4.496466, 51.918802], [4.495112, 51.918561], [4.494768, 51.918596], [4.494638, 51.918517], [4.494514, 51.918585], [4.494371, 51.918495], [4.4976, 51.915879], [4.499201, 51.914778], [4.499051, 51.914364], [4.497409, 51.91353], [4.497547, 51.913276], [4.498796, 51.912411], [4.498075, 51.91185], [4.496463, 51.910949], [4.493656, 51.908492], [4.492821, 51.908618], [4.492343, 51.908585], [4.490665, 51.907875], [4.489523, 51.908142], [4.485605, 51.90967], [4.483397, 51.910572], [4.48313, 51.91084], [4.483415, 51.910356], [4.482832, 51.909546], [4.480618, 51.907643], [4.479983, 51.907674], [4.479439, 51.90757], [4.478981, 51.908449], [4.478643, 51.908546], [4.476862, 51.90788], [4.473604, 51.906883], [4.473165, 51.90705], [4.472867, 51.907466], [4.471585, 51.907273], [4.471002, 51.907524], [4.470633, 51.907977], [4.470589, 51.908621], [4.47042, 51.908715], [4.469592, 51.908455], [4.468094, 51.907749], [4.467546, 51.907663], [4.467145, 51.907793], [4.465834, 51.907475], [4.465324, 51.906923], [4.464817, 51.906754], [4.463656, 51.908211], [4.463751, 51.908477], [4.463099, 51.909421], [4.462319, 51.909396], [4.460608, 51.909714], [4.459609, 51.909439], [4.45898, 51.909463], [4.458257, 51.909303], [4.457661, 51.909612], [4.457731, 51.909969], [4.456223, 51.91294], [4.455865, 51.915512], [4.456671, 51.915583]]}, "properties": {}}, {"type": "Feature", "geometry": {"type": "LineString", "coordinates": [[4.459295, 51.914948], [4.457842, 51.915042], [4.455718, 51.914969], [4.455517, 51.917605], [4.455764, 51.918627], [4.455982, 51.92119], [4.455488, 51.921194], [4.455224, 51.921014], [4.454973, 51.920387], [4.454968, 51.916415], [4.455202, 51.913747], [4.454703, 51.913494], [4.454381, 51.912288], [4.454143, 51.912066], [4.455587, 51.909308], [4.455433, 51.909], [4.455677, 51.908621], [4.454982, 51.908628], [4.451222, 51.909146], [4.449931, 51.90968], [4.449251, 51.909502], [4.448556, 51.909716], [4.448933, 51.909837], [4.445164, 51.910161], [4.442607, 51.910666], [4.442037, 51.909578], [4.441057, 51.909141], [4.441135, 51.908953], [4.442448, 51.908099], [4.440889, 51.906962], [4.442406, 51.906104], [4.443929, 51.905466], [4.443952, 51.905258], [4.44476, 51.905009], [4.445116, 51.904794], [4.445141, 51.904533], [4.445704, 51.904315], [4.449762, 51.903371], [4.45141, 51.903211], [4.453113, 51.903346], [4.456803, 51.904096], [4.457158, 51.904019], [4.45814, 51.904155], [4.458541, 51.903727], [4.458995, 51.902387], [4.45467, 51.901513], [4.454403, 51.901413], [4.454457, 51.901319], [4.457998, 51.901264], [4.459337, 51.901332], [4.459468, 51.901191], [4.459851, 51.901177], [4.461733, 51.901426], [4.461491, 51.902583], [4.461045, 51.903667], [4.461298, 51.903342], [4.46151, 51.9027], [4.46103, 51.902609], [4.460318, 51.904314], [4.460599, 51.904548], [4.461963, 51.905019], [4.462388, 51.904921], [4.462894, 51.904556], [4.46332, 51.904759], [4.462974, 51.90495], [4.463569, 51.905111], [4.464126, 51.904547], [4.463572, 51.905322], [4.463079, 51.905702], [4.463072, 51.905989], [4.46289, 51.906155], [4.46454, 51.906981], [4.463632, 51.908274], [4.463749, 51.908511], [4.463158, 51.909424], [4.462346, 51.909393], [4.460643, 51.909751], [4.45996, 51.910056], [4.459913, 51.910254], [4.459345, 51.910579], [4.457888, 51.910121], [4.45764, 51.910132], [4.456268, 51.912824], [4.455916, 51.914632], [4.455882, 51.915499], [4.456039, 51.915567]]}, "properties": {}}, {"type": "Feature", "geometry": {"type": "LineString", "coordinates": [[4.459308, 51.914971], [4.458242, 51.915044], [4.455717, 51.914989], [4.455498, 51.917591], [4.455701, 51.918131], [4.455939, 51.921203], [4.455286, 51.921108], [4.454992, 51.920032], [4.45491, 51.916993], [4.455139, 51.913737], [4.454674, 51.913461], [4.454351, 51.912282], [4.454493, 51.912215], [4.455217, 51.912367], [4.45565, 51.912136], [4.456821, 51.909961], [4.457064, 51.909847], [4.457739, 51.910008], [4.458222, 51.909296], [4.459232, 51.909353], [4.460809, 51.909738], [4.463064, 51.909281], [4.463592, 51.90832], [4.461295, 51.907654], [4.460749, 51.908061], [4.459367, 51.908328], [4.456252, 51.907627], [4.451483, 51.908243], [4.450458, 51.907884], [4.450101, 51.908204], [4.450142, 51.908629], [4.449668, 51.909155], [4.44969, 51.909397], [4.449271, 51.909736], [4.448688, 51.909891], [4.44803, 51.910494], [4.446599, 51.91216], [4.44631, 51.912904], [4.444777, 51.914914], [4.44363, 51.915624], [4.443497, 51.91626], [4.444897, 51.916702], [4.44584, 51.916547], [4.448925, 51.914504], [4.450156, 51.913912], [4.451108, 51.913634], [4.453117, 51.913409], [4.455285, 51.91373], [4.455836, 51.914044], [4.455494, 51.91759], [4.455722, 51.918111], [4.455894, 51.921251], [4.455453, 51.921209], [4.455188, 51.921019], [4.455026, 51.920425], [4.454905, 51.916856], [4.455163, 51.913795], [4.45465, 51.913422], [4.454375, 51.912391]]}, "properties": {}}, {"type": "Feature", "geometry": {"type": "LineString", "coordinates": [[4.459349, 51.914978], [4.455759, 51.914984], [4.455562, 51.917547], [4.455759, 51.918349], [4.455962, 51.921201], [4.455343, 51.921108], [4.455121, 51.920731], [4.454989, 51.917289], [4.455086, 51.91721], [4.455603, 51.917208], [4.455736, 51.914656], [4.456013, 51.91328], [4.45625, 51.912565], [4.458016, 51.909551], [4.458387, 51.909308], [4.458971, 51.90929], [4.46071, 51.909706], [4.463029, 51.909237], [4.463723, 51.908391], [4.464234, 51.90738], [4.465605, 51.906021], [4.467315, 51.903264], [4.467979, 51.902913], [4.468851, 51.902872], [4.469442, 51.903161], [4.472157, 51.903807], [4.47302, 51.904125], [4.473584, 51.904592], [4.473796, 51.904609], [4.473807, 51.90478], [4.474703, 51.904995], [4.475405, 51.904891], [4.478781, 51.906302], [4.477808, 51.908155], [4.477874, 51.908347], [4.478546, 51.908556], [4.478825, 51.90853], [4.479475, 51.90755], [4.480728, 51.907686], [4.482888, 51.9096], [4.483244, 51.910129], [4.483549, 51.910852], [4.483304, 51.911207], [4.483022, 51.912255], [4.483902, 51.912365], [4.484437, 51.912177], [4.484645, 51.912221], [4.491932, 51.917257], [4.492057, 51.917185], [4.492727, 51.917757], [4.493936, 51.918236], [4.494316, 51.918169], [4.497459, 51.915533], [4.497124, 51.915693], [4.496556, 51.915408], [4.490538, 51.911741], [4.490152, 51.911608], [4.488563, 51.910162], [4.489639, 51.909767], [4.490306, 51.909914], [4.492374, 51.91069], [4.4967, 51.913168], [4.497016, 51.913199], [4.498404, 51.912303], [4.498422, 51.912101], [4.496394, 51.910886], [4.493655, 51.908457], [4.492638, 51.908599], [4.492125, 51.908535], [4.49042, 51.907743], [4.483206, 51.910531], [4.48258, 51.911061], [4.482241, 51.912131], [4.481814, 51.912182], [4.481518, 51.912117], [4.481685, 51.911361], [4.481453, 51.910949], [4.482563, 51.909617], [4.482569, 51.909399], [4.480857, 51.907827], [4.480454, 51.90765], [4.479458, 51.907568], [4.479002, 51.908442], [4.478738, 51.908538], [4.475836, 51.907561], [4.475161, 51.907377], [4.474788, 51.907498], [4.473399, 51.907047], [4.473111, 51.907188], [4.472897, 51.907534], [4.471611, 51.907266], [4.471041, 51.907514], [4.470619, 51.908017], [4.470575, 51.908618], [4.470443, 51.90873], [4.469565, 51.908461], [4.468155, 51.90778], [4.467472, 51.907681], [4.467137, 51.907802], [4.466319, 51.907539], [4.46582, 51.907497], [4.465284, 51.906894], [4.464789, 51.906759], [4.464023, 51.907885], [4.46363, 51.908197], [4.463746, 51.908474], [4.463347, 51.909155], [4.463125, 51.909132], [4.462302, 51.909426], [4.460724, 51.909701], [4.459608, 51.909434], [4.45892, 51.909436], [4.45822, 51.909306], [4.457784, 51.909706], [4.457749, 51.909981], [4.457512, 51.910188], [4.456755, 51.911632], [4.456485, 51.912527], [4.456057, 51.913107], [4.455795, 51.914215], [4.455503, 51.917625], [4.455719, 51.918151], [4.455924, 51.921234], [4.455451, 51.921192], [4.45506, 51.920813], [4.454911, 51.916852], [4.455173, 51.913953], [4.455136, 51.913757], [4.454709, 51.913512], [4.454404, 51.912727]]}, "properties": {}}, {"type": "Feature", "geometry": {"type": "LineString", "coordinates": [[4.470597, 51.922748], [4.470807, 51.922631], [4.47148, 51.921344], [4.471373, 51.921092], [4.471683, 51.920244], [4.471809, 51.918956], [4.472303, 51.9176], [4.472612, 51.91721], [4.473387, 51.917039], [4.474454, 51.916075], [4.476877, 51.912771], [4.47741, 51.911787], [4.477743, 51.911776], [4.478047, 51.911502], [4.47793, 51.911282], [4.478453, 51.910497], [4.478245, 51.910095], [4.479383, 51.908119], [4.480187, 51.907737], [4.48037, 51.907733], [4.481174, 51.908128], [4.482845, 51.90957], [4.483561, 51.910855], [4.482872, 51.911936], [4.482979, 51.912282], [4.483626, 51.912337], [4.484125, 51.911576], [4.484299, 51.911545], [4.485526, 51.912918], [4.488751, 51.914984], [4.489095, 51.915427], [4.490109, 51.91611]]}, "properties": {}}, {"type": "Feature", "geometry": {"type": "LineString", "coordinates": [[4.459253, 51.915006], [4.455717, 51.914995], [4.455479, 51.917611], [4.455708, 51.918175], [4.455728, 51.919845], [4.455933, 51.921217], [4.455487, 51.921209], [4.455265, 51.921082], [4.455099, 51.920682], [4.454929, 51.916859], [4.455213, 51.913831], [4.455349, 51.91373], [4.455803, 51.913789], [4.455918, 51.913714], [4.45623, 51.912592], [4.456576, 51.912252], [4.457465, 51.910408], [4.458161, 51.90942], [4.458312, 51.909255], [4.458623, 51.909206], [4.460719, 51.909706], [4.462268, 51.909399], [4.463163, 51.909402], [4.463735, 51.908538], [4.463668, 51.908222], [4.464177, 51.907409], [4.464729, 51.906782], [4.465417, 51.906826], [4.466293, 51.905304], [4.466634, 51.905093], [4.466774, 51.90461], [4.467623, 51.903269], [4.468012, 51.90309], [4.468579, 51.903047], [4.468957, 51.902802], [4.469418, 51.902688], [4.470741, 51.903018], [4.474432, 51.904324], [4.474395, 51.904575], [4.47501, 51.904981], [4.47601, 51.90516], [4.478751, 51.906253], [4.478793, 51.906403], [4.477851, 51.90828], [4.478549, 51.908547], [4.478865, 51.908545], [4.479441, 51.907573], [4.480383, 51.907652], [4.480863, 51.907871], [4.482151, 51.908963], [4.483696, 51.910677], [4.483151, 51.91151], [4.483009, 51.912246], [4.484453, 51.912454], [4.484508, 51.912789], [4.487386, 51.914688], [4.48591, 51.915841], [4.485954, 51.916411], [4.485175, 51.917058], [4.484933, 51.91775], [4.484615, 51.918152], [4.484742, 51.918326], [4.48462, 51.918736], [4.483893, 51.919452], [4.48299, 51.921185], [4.482383, 51.921954], [4.481981, 51.922001], [4.481135, 51.921597], [4.479406, 51.921218], [4.478169, 51.921124], [4.477099, 51.920798], [4.475919, 51.922499], [4.474536, 51.922387], [4.47405, 51.922191], [4.474156, 51.921703], [4.47277, 51.921483], [4.471458, 51.920885], [4.469825, 51.920481], [4.46649, 51.91996], [4.465571, 51.919465], [4.463567, 51.918976], [4.463396, 51.918821], [4.462713, 51.918851], [4.460905, 51.918586], [4.459587, 51.918271], [4.459045, 51.918043], [4.459204, 51.91765], [4.45912, 51.916963], [4.459325, 51.915732], [4.456894, 51.915732], [4.456661, 51.915582], [4.456047, 51.915601], [4.455895, 51.915526], [4.455963, 51.914963], [4.458606, 51.915032]]}, "properties": {}}, {"type": "Feature", "geometry": {"type": "LineString", "coordinates": [[4.45896, 51.915016], [4.455712, 51.914987], [4.455539, 51.917489], [4.455947, 51.9212], [4.455573, 51.921229], [4.455238, 51.921064], [4.454989, 51.920458], [4.454866, 51.917837], [4.455063, 51.914253], [4.455293, 51.913754], [4.455797, 51.913801], [4.455921, 51.913731], [4.45623, 51.912654], [4.456568, 51.912228], [4.458062, 51.909258], [4.458361, 51.909111], [4.460685, 51.909743], [4.46324, 51.909279], [4.463671, 51.908689], [4.46377, 51.908445], [4.463641, 51.90826], [4.464174, 51.907442], [4.464881, 51.906715], [4.465376, 51.906875], [4.466352, 51.905326], [4.466699, 51.905016], [4.466737, 51.904685], [4.467606, 51.903319], [4.467832, 51.903158], [4.469521, 51.903005], [4.471116, 51.903438], [4.47113, 51.903557], [4.473006, 51.904147], [4.4738, 51.90475], [4.475044, 51.905107], [4.478283, 51.906539], [4.478131, 51.907], [4.47777, 51.907364], [4.474963, 51.906593], [4.473973, 51.906221], [4.473756, 51.906236], [4.471501, 51.909388], [4.467561, 51.90829], [4.466769, 51.907717], [4.465778, 51.907453], [4.465332, 51.906907], [4.464888, 51.906772], [4.464179, 51.907427], [4.463674, 51.908381], [4.463011, 51.909237], [4.460727, 51.909707], [4.4587, 51.909197], [4.458091, 51.909245], [4.456279, 51.91277], [4.455921, 51.914918], [4.455701, 51.91501], [4.455506, 51.917539], [4.455732, 51.918207], [4.455755, 51.919477], [4.455147, 51.919539], [4.455004, 51.919443], [4.454967, 51.917269], [4.455574, 51.917257], [4.4557, 51.916257], [4.455686, 51.915689], [4.455005, 51.915547], [4.455096, 51.914389], [4.455263, 51.913763], [4.455891, 51.913768], [4.456088, 51.91304], [4.459642, 51.913675], [4.459355, 51.915459], [4.459104, 51.915553], [4.459231, 51.915625], [4.459242, 51.916377], [4.459095, 51.917182], [4.459545, 51.917064], [4.460133, 51.917109]]}, "properties": {}}, {"type": "Feature", "geometry": {"type": "LineString", "coordinates": [[4.483786, 51.922757], [4.484257, 51.922764], [4.484631, 51.922904], [4.485119, 51.922836], [4.485562, 51.92256], [4.485621, 51.922154], [4.485281, 51.921857], [4.484826, 51.921937], [4.484416, 51.921694], [4.483615, 51.921546], [4.484161, 51.920802], [4.483929, 51.920275], [4.483589, 51.920114], [4.48392, 51.919659], [4.48395, 51.919338], [4.484245, 51.919144], [4.484816, 51.918396], [4.485051, 51.91776], [4.485321, 51.917551], [4.485232, 51.917376], [4.485059, 51.917405], [4.484723, 51.917123], [4.483826, 51.917035], [4.483556, 51.917193], [4.483664, 51.917584], [4.484348, 51.917674], [4.484688, 51.917836], [4.485361, 51.91769], [4.48537, 51.917524], [4.485113, 51.917286], [4.485517, 51.916777], [4.48557, 51.916364], [4.485932, 51.916311], [4.485964, 51.916137], [4.485987, 51.916273], [4.485748, 51.916104], [4.485942, 51.915604], [4.487143, 51.914867], [4.487467, 51.914795], [4.487594, 51.914518], [4.485482, 51.913119], [4.485202, 51.912525], [4.484332, 51.911526], [4.484011, 51.911715], [4.483632, 51.912344], [4.482912, 51.91223], [4.482905, 51.911387], [4.483222, 51.910558], [4.483472, 51.910433], [4.482991, 51.909982], [4.482574, 51.909149], [4.482359, 51.909115], [4.480963, 51.907934], [4.480257, 51.907591], [4.479919, 51.907643], [4.479423, 51.907559], [4.478925, 51.90854], [4.477773, 51.908268], [4.478717, 51.906233], [4.478033, 51.906017], [4.47532, 51.904752], [4.475018, 51.904927], [4.474809, 51.904865], [4.473297, 51.903938], [4.470595, 51.902983], [4.46902, 51.902545], [4.468016, 51.902509], [4.467554, 51.902642], [4.466495, 51.904124], [4.466636, 51.904092], [4.466838, 51.903547], [4.467592, 51.902583], [4.468694, 51.902492], [4.470978, 51.903093], [4.474449, 51.90434], [4.474388, 51.904565], [4.47493, 51.904888], [4.475589, 51.904843], [4.478575, 51.906236], [4.478743, 51.906611], [4.477806, 51.908144], [4.477838, 51.908287], [4.478649, 51.908537], [4.478936, 51.908515], [4.4795, 51.907549], [4.480645, 51.907696], [4.481238, 51.908033], [4.482604, 51.909254], [4.483382, 51.91044], [4.483093, 51.911031], [4.483114, 51.912294], [4.484672, 51.912537], [4.486187, 51.91353], [4.486391, 51.913443], [4.486245, 51.913284], [4.486251, 51.913548], [4.487157, 51.914202], [4.488387, 51.914846], [4.489489, 51.915789], [4.491654, 51.916974], [4.489782, 51.918283], [4.489054, 51.918964], [4.488564, 51.919179]]}, "properties": {}}, {"type": "Feature", "geometry": {"type": "LineString", "coordinates": [[4.496015, 51.923428], [4.495912, 51.923379], [4.496455, 51.922626], [4.496993, 51.922463], [4.498312, 51.921162], [4.498004, 51.921067], [4.498203, 51.921072], [4.498594, 51.920839], [4.497839, 51.920948], [4.499234, 51.920008], [4.500018, 51.920205], [4.500109, 51.919941], [4.500704, 51.919724], [4.501576, 51.91981], [4.501746, 51.919619], [4.502349, 51.919522], [4.503758, 51.919487], [4.508146, 51.918545], [4.510042, 51.91798], [4.513852, 51.916379], [4.513812, 51.91628], [4.515822, 51.914867], [4.51728, 51.913414], [4.517678, 51.91354], [4.518194, 51.914404], [4.519149, 51.91427], [4.519926, 51.914424], [4.519612, 51.914776], [4.518937, 51.914908], [4.51832, 51.915276], [4.517231, 51.915246], [4.51699, 51.915538], [4.51579, 51.915318], [4.515321, 51.915342], [4.513826, 51.916279], [4.513841, 51.916387], [4.513321, 51.916526], [4.510964, 51.917652], [4.50907, 51.918283], [4.503479, 51.919554], [4.50279, 51.919459], [4.501751, 51.919639], [4.500513, 51.919554], [4.500035, 51.920217], [4.498417, 51.91979], [4.497909, 51.919552], [4.497727, 51.919275], [4.497414, 51.91947], [4.496719, 51.919264], [4.495499, 51.918646], [4.494845, 51.918486], [4.494151, 51.91809], [4.493792, 51.918038], [4.491917, 51.917196], [4.491256, 51.91711], [4.491425, 51.916945], [4.491097, 51.916604], [4.488867, 51.9151], [4.488523, 51.915117], [4.48766, 51.914525], [4.485748, 51.915895], [4.48562, 51.916144], [4.485773, 51.916493], [4.485076, 51.917233], [4.4849, 51.917853], [4.484273, 51.918276], [4.484135, 51.918669], [4.484267, 51.91877], [4.483992, 51.919178], [4.4844, 51.919178], [4.485135, 51.919437], [4.486088, 51.919486], [4.486638, 51.919734], [4.488023, 51.920011], [4.487652, 51.920153], [4.487549, 51.920494], [4.487681, 51.92091], [4.48747, 51.921169], [4.485535, 51.922473], [4.484825, 51.923178], [4.485976, 51.923909], [4.487329, 51.923663], [4.487507, 51.924233], [4.488366, 51.924224], [4.488485, 51.924301], [4.488481, 51.924981]]}, "properties": {}}, {"type": "Feature", "geometry": {"type": "LineString", "coordinates": [[4.489424, 51.922943], [4.489848, 51.921949], [4.490184, 51.921735], [4.49072, 51.921013], [4.490754, 51.920734], [4.490963, 51.920695], [4.490854, 51.920628], [4.490944, 51.920498], [4.491196, 51.920522], [4.491157, 51.919686], [4.490748, 51.919819], [4.490885, 51.919579], [4.490742, 51.919455], [4.490815, 51.919277], [4.49122, 51.919358], [4.491588, 51.919279], [4.492092, 51.918752], [4.493019, 51.918266], [4.493713, 51.918382], [4.493773, 51.918042], [4.491252, 51.916934], [4.491391, 51.916916], [4.491166, 51.916684], [4.489076, 51.915236], [4.488782, 51.915069], [4.488586, 51.915141], [4.486952, 51.91414], [4.484985, 51.912715], [4.484417, 51.912434], [4.482999, 51.912279], [4.482757, 51.91215], [4.482663, 51.91181], [4.482954, 51.910979], [4.483556, 51.910451], [4.484187, 51.910306], [4.486463, 51.909286], [4.490565, 51.90783], [4.490928, 51.907897], [4.492179, 51.90856], [4.492741, 51.908615], [4.493525, 51.908493], [4.49396, 51.908648], [4.495001, 51.909706], [4.496656, 51.911094], [4.498393, 51.912057], [4.498456, 51.912209], [4.498299, 51.912389], [4.496703, 51.913405], [4.496906, 51.91366], [4.4968, 51.913797], [4.495483, 51.914785], [4.49714, 51.915698], [4.497475, 51.915563], [4.494133, 51.918247], [4.493887, 51.91827], [4.492896, 51.917845], [4.491587, 51.916939], [4.488198, 51.91962], [4.487786, 51.920686], [4.487907, 51.920795], [4.487484, 51.921232], [4.487668, 51.92129], [4.487586, 51.921501], [4.486557, 51.922278], [4.485545, 51.921955], [4.485188, 51.921975], [4.484456, 51.921723], [4.482267, 51.921318], [4.481756, 51.921125], [4.481277, 51.921963], [4.480939, 51.922223], [4.480968, 51.922513], [4.480676, 51.922969]]}, "properties": {}}]}